Timestamp,Event,Event Description,Event Severity,camera_server://limelight,network_table:///CameraPublisher/limelight/description,network_table:///CameraPublisher/limelight/mode,network_table:///CameraPublisher/limelight/modes,network_table:///CameraPublisher/limelight/source,network_table:///CameraPublisher/limelight/streams,network_table:///FMSInfo/EventName,network_table:///FMSInfo/FMSControlData,network_table:///FMSInfo/GameSpecificMessage,network_table:///FMSInfo/IsRedAlliance,network_table:///FMSInfo/MatchNumber,network_table:///FMSInfo/MatchType,network_table:///FMSInfo/ReplayNumber,network_table:///FMSInfo/StationNumber,network_table:///LiveWindow/Ungrouped/AnalogInput[1]/Value,network_table:///LiveWindow/Ungrouped/AnalogInput[3]/Value,network_table:///LiveWindow/Ungrouped/DifferentialDrive[1]/Left Motor Speed,network_table:///LiveWindow/Ungrouped/DifferentialDrive[1]/Right Motor Speed,network_table:///LiveWindow/Ungrouped/Scheduler/Ids,network_table:///LiveWindow/Ungrouped/Scheduler/Names,network_table:///LiveWindow/Ungrouped/Talon SRX [5]/Value,network_table:///LiveWindow/Ungrouped/Talon SRX [8]/Value,network_table:///LiveWindow/Ungrouped/Talon SRX [9]/Value,network_table:///LiveWindow/Ungrouped/Talon SRX [10]/Value,network_table:///LiveWindow/Ungrouped/Talon SRX [11]/Value,network_table:///LiveWindow/Ungrouped/Talon SRX [12]/Value,network_table:///LiveWindow/Ungrouped/Talon SRX [13]/Value,network_table:///LiveWindow/Ungrouped/Talon SRX [14]/Value,network_table:///LiveWindow/Ungrouped/navX-Sensor/Value,network_table:///LiveWindow/Ungrouped/tSpeedControllerGroup[3]/Value,network_table:///Shuffleboard/RecordValues/l,network_table:///SmartDashboard/AbsoluteUnit,network_table:///SmartDashboard/Autonomous/active,network_table:///SmartDashboard/Autonomous/default,network_table:///SmartDashboard/Autonomous/options,network_table:///SmartDashboard/Ball Count,network_table:///SmartDashboard/Close,network_table:///SmartDashboard/Direct,network_table:///SmartDashboard/Distance,network_table:///SmartDashboard/Horizontal PID Output,network_table:///SmartDashboard/InnerIntake Active,network_table:///SmartDashboard/Sensor Front,network_table:///SmartDashboard/Sensor Top,network_table:///SmartDashboard/Target Area,network_table:///SmartDashboard/Valid Target,network_table:///SmartDashboard/Virtical PID Output,network_table:///SmartDashboard/Wanted Pulses,network_table:///SmartDashboard/X Offset,network_table:///SmartDashboard/Y Offset,network_table:///SmartDashboard/limelight_Interface,network_table:///SmartDashboard/limelight_PipelineName,network_table:///SmartDashboard/limelight_Stream,network_table:///SmartDashboard/skew,network_table:///limelight/camMode,network_table:///limelight/getpipe,network_table:///limelight/ledMode,network_table:///limelight/pipeline,network_table:///limelight/snapshot,network_table:///limelight/stream,network_table:///limelight/ta,network_table:///limelight/tc,network_table:///limelight/thor,network_table:///limelight/tl,network_table:///limelight/tlong,network_table:///limelight/ts,network_table:///limelight/tshort,network_table:///limelight/tv,network_table:///limelight/tvert,network_table:///limelight/tx,network_table:///limelight/ty
0,,,,"fileIndex=0, frameIndex=0, fps=0.0, bandwidth=0.0",limelight,320x240 MJPEG 22 fps,[320x240 MJPEG 22 fps],ip:http://10.40.9.11:5800,[mjpg:http://10.40.9.11:5800],,33.0,,false,0.0,0.0,0.0,1.0,0.571289004,0.808105386,0.0,-0.0,[1583503.0],[ManualDrive],0.0,0.0,0.0,0.0,0.0,0.0,0.0,0.0,-86.80000305175781,0.0,0.0,2108.0,"Shoot, drive",Sit And Shoot,"[Sit And Shoot, Shoot, drive]",3.0,false,false,NaN,0.0,false,true,false,0.9906,false,0.0,0.0,0.0,0.0,http://10.40.9.11:5801,Pipeline_Name,http://10.40.9.11:5800,0.0,0.0,0.0,0.0,0.0,0.0,0.0,0.0,"[0.019607843831181526, 0.04313725605607033, 0.007843137718737125]",0.0,4.249217987060547,0.0,0.0,0.0,0.0,0.0,0.0,0.0
16,,,,"fileIndex=0, frameIndex=0, fps=29.99, bandwidth=102559.0",,,,,,,,,,,,,,,,,,,,,,,,,,,,,,,,,,,,,,,,,,,,,,,,,,,,,,,,,,,,,,,,,,,,,
48,,,,"fileIndex=0, frameIndex=1, fps=29.99, bandwidth=102559.0",,,,,,,,,,,,,,0.57373041,0.8056639800000001,,,,,,,,,,,,,,,,,,,,,,,NaN,,,,,,,,,,,,,,,,,,,,,,"[0.01568627543747425, 0.05882352963089943, 0.0]",,5.115260124206543,,,,,,,
83,,,,"fileIndex=0, frameIndex=2, fps=29.99, bandwidth=102559.0",,,,,,,,,,,,,,,,,,,,,,,,,,,,,,,,,,,,,,,,,,,,,,,,,,,,,,,,,,,,,,,,,,,,,
116,,,,"fileIndex=0, frameIndex=3, fps=29.99, bandwidth=102559.0",,,,,,,,,,,,,,,,,,,,,,,,,,,,,,,,,,,,,,,,,,,,,,,,,,,,,,,,,,,,,,,,,,,,,
153,,,,"fileIndex=0, frameIndex=4, fps=29.99, bandwidth=102559.0",,,,,,,,,,,,,,0.572509707,0.806884683,,,,,,,,,,,,,-86.79000091552734,,,,,,,,,,NaN,,,,,,,,,,,,,,,,,,,,,,"[0.0117647061124444, 0.04313725605607033, 0.019607843831181526]",,4.5840630531311035,,,,,,,
183,,,,"fileIndex=0, frameIndex=5, fps=29.99, bandwidth=102559.0",,,,,,,,,,,,,,,,,,,,,,,,,,,,,,,,,,,,,,,,,,,,,,,,,,,,,,,,,,,,,,,,,,,,,
215,,,,"fileIndex=0, frameIndex=6, fps=29.99, bandwidth=102559.0",,,,,,,,,,,,,,,,,,,,,,,,,,,,,,,,,,,,,,,,,,,,,,,,,,,,,,,,,,,,,,,,,,,,,
248,,,,"fileIndex=0, frameIndex=7, fps=29.99, bandwidth=102559.0",,,,,,,,,,,,,,0.571289004,0.808105386,,,,,,,,,,,,,-86.80000305175781,,,,,,,,,,NaN,,,,,,,,,,,,,,,,,,,,,,"[0.003921568859368563, 0.0313725508749485, 0.0]",,4.623281002044678,,,,,,,
281,,,,"fileIndex=0, frameIndex=8, fps=29.99, bandwidth=102559.0",,,,,,,,,,,,,,,,,,,,,,,,,,,,,,,,,,,,,,,,,,,,,,,,,,,,,,,,,,,,,,,,,,,,,
317,,,,"fileIndex=0, frameIndex=9, fps=29.99, bandwidth=102559.0",,,,,,,,,,,,,,,,,,,,,,,,,,,,,,,,,,,,,,,,,,,,,,,,,,,,,,,,,,,,,,,,,,,,,
348,,,,"fileIndex=0, frameIndex=10, fps=29.99, bandwidth=102559.0",,,,,,,,,,,,,,0.570068301,0.806884683,,,,,,,,,,,,,-86.79000091552734,,,,,,,,,,NaN,,,,,,,,,,,,,,,,,,,,,,"[0.03921568766236305, 0.0470588244497776, 0.03529411926865578]",,4.234582901000977,,,,,,,
383,,,,"fileIndex=0, frameIndex=11, fps=29.99, bandwidth=102559.0",,,,,,,,,,,,,,,,,,,,,,,,,,,,,,,,,,,,,,,,,,,,,,,,,,,,,,,,,,,,,,,,,,,,,
420,,,,"fileIndex=0, frameIndex=12, fps=29.99, bandwidth=102559.0",,,,,,,,,,,,,,,,,,,,,,,,,,,,,,,,,,,,,,,,,,,,,,,,,,,,,,,,,,,,,,,,,,,,,
448,,,,"fileIndex=0, frameIndex=13, fps=28.97, bandwidth=98858.0",,,,,,,,,,,,,,0.576171816,0.8056639800000001,,,,,,,,,,,,,,,,,,,,,,,NaN,,,,,,,,,,,,,,,,,,,,,,"[0.05098039284348488, 0.04313725605607033, 0.03921568766236305]",,4.3019280433654785,,,,,,,
481,,,,"fileIndex=0, frameIndex=14, fps=28.97, bandwidth=98858.0",,,,,,,,,,,,,,,,,,,,,,,,,,,,,,,,,,,,,,,,,,,,,,,,,,,,,,,,,,,,,,,,,,,,,
515,,,,"fileIndex=0, frameIndex=15, fps=28.97, bandwidth=98858.0",,,,,,,,,,,,,,,,,,,,,,,,,,,,,,,,,,,,,,,,,,,,,,,,,,,,,,,,,,,,,,,,,,,,,
548,,,,"fileIndex=0, frameIndex=16, fps=28.97, bandwidth=98858.0",,,,,,,,,,,,,,0.57373041,0.808105386,,,,,,,,,,,,,,,,,,,,,,,NaN,,,,,,,,,,,,,,,,,,,,,,"[0.0313725508749485, 0.03921568766236305, 0.007843137718737125]",,4.280208110809326,,,,,,,
583,,,,"fileIndex=0, frameIndex=17, fps=28.97, bandwidth=98858.0",,,,,,,,,,,,,,,,,,,,,,,,,,,,,,,,,,,,,,,,,,,,,,,,,,,,,,,,,,,,,,,,,,,,,
636,,,,"fileIndex=0, frameIndex=18, fps=28.97, bandwidth=98858.0",,,,,,,,,,,,,,,,,,,,,,,,,,,,,,,,,,,,,,,,,,,,,,,,,,,,,,,,,,,,,,,,,,,,,
649,,,,,,,,,,,,,,,,,,0.571289004,0.808105386,,,,,,,,,,,,,,,,,,,,,,,NaN,,,,,,,,,,,,,,,,,,,,,,"[0.0470588244497776, 0.0313725508749485, 0.0313725508749485]",,5.647916793823242,,,,,,,
670,,,,"fileIndex=0, frameIndex=19, fps=28.97, bandwidth=98858.0",,,,,,,,,,,,,,,,,,,,,,,,,,,,,,,,,,,,,,,,,,,,,,,,,,,,,,,,,,,,,,,,,,,,,
697,,,,"fileIndex=0, frameIndex=20, fps=28.97, bandwidth=98858.0",,,,,,,,,,,,,,,,,,,,,,,,,,,,,,,,,,,,,,,,,,,,,,,,,,,,,,,,,,,,,,,,,,,,,
727,,,,"fileIndex=0, frameIndex=21, fps=28.97, bandwidth=98858.0",,,,,,,,,,,,,,,,,,,,,,,,,,,,,,,,,,,,,,,,,,,,,,,,,,,,,,,,,,,,,,,,,,,,,
748,,,,,,,,,,,,,,,,,,0.57373041,0.8044432770000001,,,,,,,,,,,,,,,,,,,,,,,NaN,,,,,,,,,,,,,,,,,,,,,,"[0.03921568766236305, 0.0470588244497776, 0.003921568859368563]",,5.63171911239624,,,,,,,
758,,,,"fileIndex=0, frameIndex=22, fps=28.97, bandwidth=98858.0",,,,,,,,,,,,,,,,,,,,,,,,,,,,,,,,,,,,,,,,,,,,,,,,,,,,,,,,,,,,,,,,,,,,,
788,,,,"fileIndex=0, frameIndex=23, fps=28.97, bandwidth=98858.0",,,,,,,,,,,,,,,,,,,,,,,,,,,,,,,,,,,,,,,,,,,,,,,,,,,,,,,,,,,,,,,,,,,,,
823,,,,"fileIndex=0, frameIndex=24, fps=28.97, bandwidth=98858.0",,,,,,,,,,,,,,,,,,,,,,,,,,,,,,,,,,,,,,,,,,,,,,,,,,,,,,,,,,,,,,,,,,,,,
848,,,,"fileIndex=0, frameIndex=25, fps=28.97, bandwidth=98858.0",,,,,,,,,,,,,,0.572509707,0.806884683,,,,,,,,,,,,,,,,,,,,,,,NaN,,,,,,,,,,,,,,,,,,,,,,"[0.03921568766236305, 0.0470588244497776, 0.007843137718737125]",,5.0590620040893555,,,,,,,
889,,,,"fileIndex=0, frameIndex=26, fps=28.97, bandwidth=98858.0",,,,,,,,,,,,,,,,,,,,,,,,,,,,,,,,,,,,,,,,,,,,,,,,,,,,,,,,,,,,,,,,,,,,,
916,,,,"fileIndex=0, frameIndex=27, fps=28.97, bandwidth=98858.0",,,,,,,,,,,,,,,,,,,,,,,,,,,,,,,,,,,,,,,,,,,,,,,,,,,,,,,,,,,,,,,,,,,,,
948,,,,"fileIndex=0, frameIndex=28, fps=28.97, bandwidth=98858.0",,,,,,,,,,,,,,0.57373041,0.8056639800000001,-1.2207403779029846E-4,1.2207403779029846E-4,,,,,,,,,,,-86.77999877929688,,,,,,,,,,NaN,,,,,,,,,,,,,,,,,,,,,,"[0.019607843831181526, 0.04313725605607033, 0.0]",,5.004010200500488,,,,,,,
988,,,,"fileIndex=0, frameIndex=29, fps=28.97, bandwidth=98858.0",,,,,,,,,,,,,,,,,,,,,,,,,,,,,,,,,,,,,,,,,,,,,,,,,,,,,,,,,,,,,,,,,,,,,
1021,,,,"fileIndex=0, frameIndex=30, fps=28.97, bandwidth=98858.0",,,,,,,,,,,,,,,,,,,,,,,,,,,,,,,,,,,,,,,,,,,,,,,,,,,,,,,,,,,,,,,,,,,,,
1049,,,,"fileIndex=0, frameIndex=31, fps=28.97, bandwidth=98858.0",,,,,,,,,,,,,,0.571289004,0.808105386,0.0,-0.0,,,,,,,,,,,,,,,,,,,,,NaN,,,,,,,,,,,,,,,,,,,,,,"[0.04313725605607033, 0.0470588244497776, 0.027450980618596077]",,5.014947891235352,,,,,,,
1091,,,,"fileIndex=0, frameIndex=32, fps=28.97, bandwidth=98858.0",,,,,,,,,,,,,,,,,,,,,,,,,,,,,,,,,,,,,,,,,,,,,,,,,,,,,,,,,,,,,,,,,,,,,
1122,,,,"fileIndex=0, frameIndex=33, fps=28.97, bandwidth=98858.0",,,,,,,,,,,,,,,,,,,,,,,,,,,,,,,,,,,,,,,,,,,,,,,,,,,,,,,,,,,,,,,,,,,,,
1154,,,,"fileIndex=0, frameIndex=34, fps=28.97, bandwidth=98858.0",,,,,,,,,,,,,,0.57373041,0.8056639800000001,-0.011658070608973503,0.012970366515219212,,,,,,,,,,,-86.79000091552734,,,,,,,,,,NaN,,,,,,,,,,,,,,,,,,,,,,"[0.007843137718737125, 0.07450980693101883, 0.0117647061124444]",,4.987290859222412,,,,,,,
1189,,,,"fileIndex=0, frameIndex=35, fps=28.97, bandwidth=98858.0",,,,,,,,,,,,,,,,,,,,,,,,,,,,,,,,,,,,,,,,,,,,,,,,,,,,,,,,,,,,,,,,,,,,,
1215,,,,"fileIndex=0, frameIndex=36, fps=28.97, bandwidth=98858.0",,,,,,,,,,,,,,,,,,,,,,,,,,,,,,,,,,,,,,,,,,,,,,,,,,,,,,,,,,,,,,,,,,,,,
1249,,,,,,,,,,,,,,,,,,0.571289004,0.806884683,-0.0079348124563694,0.006683553569018841,,,,,,,,,,,-86.83999633789062,,,,,,,,,,NaN,,,,,,,,,,,,,,,,,,,,,,"[0.003921568859368563, 0.03529411926865578, 0.003921568859368563]",,5.458384990692139,,,,,,,
1258,,,,"fileIndex=0, frameIndex=37, fps=28.97, bandwidth=98858.0",,,,,,,,,,,,,,,,,,,,,,,,,,,,,,,,,,,,,,,,,,,,,,,,,,,,,,,,,,,,,,,,,,,,,
1288,,,,"fileIndex=0, frameIndex=38, fps=28.97, bandwidth=98858.0",,,,,,,,,,,,,,,,,,,,,,,,,,,,,,,,,,,,,,,,,,,,,,,,,,,,,,,,,,,,,,,,,,,,,
1322,,,,"fileIndex=0, frameIndex=39, fps=28.97, bandwidth=98858.0",,,,,,,,,,,,,,,,,,,,,,,,,,,,,,,,,,,,,,,,,,,,,,,,,,,,,,,,,,,,,,,,,,,,,
1350,,,,"fileIndex=0, frameIndex=40, fps=28.97, bandwidth=98858.0",,,,,,,,,,,,,,0.572509707,0.8056639800000001,-3.662221133708954E-4,3.662221133708954E-4,,,,,,,,,,,-86.7699966430664,,,,,,,,,,NaN,,,,,,,,,,,,,,,,,,,,,,"[0.007843137718737125, 0.054901961237192154, 0.003921568859368563]",,4.995833873748779,,,,,,,
1388,,,,"fileIndex=0, frameIndex=41, fps=28.97, bandwidth=98858.0",,,,,,,,,,,,,,,,,,,,,,,,,,,,,,,,,,,,,,,,,,,,,,,,,,,,,,,,,,,,,,,,,,,,,
1424,,,,"fileIndex=0, frameIndex=42, fps=28.97, bandwidth=98858.0",,,,,,,,,,,,,,,,,,,,,,,,,,,,,,,,,,,,,,,,,,,,,,,,,,,,,,,,,,,,,,,,,,,,,
1450,,,,"fileIndex=0, frameIndex=43, fps=29.98, bandwidth=102428.0",,,,,,,,,,,,,,0.574951113,0.8056639800000001,-0.03491317480802536,0.03491317480802536,,,,,,,,,,,-86.79000091552734,,,,,,,,,,NaN,,,,,,,,,,,,,,,,,,,,,,"[0.0117647061124444, 0.04313725605607033, 0.04313725605607033]",,5.019530773162842,,,,,,,
1488,,,,"fileIndex=0, frameIndex=44, fps=29.98, bandwidth=102428.0",,,,,,,,,,,,,,,,,,,,,,,,,,,,,,,,,,,,,,,,,,,,,,,,,,,,,,,,,,,,,,,,,,,,,
1522,,,,"fileIndex=0, frameIndex=45, fps=29.98, bandwidth=102428.0",,,,,,,,,,,,,,,,,,,,,,,,,,,,,,,,,,,,,,,,,,,,,,,,,,,,,,,,,,,,,,,,,,,,,
1550,,,,"fileIndex=0, frameIndex=46, fps=29.98, bandwidth=102428.0",,,,,,,,,,,,,,0.5798339250000001,0.798339762,-0.11740470677614212,0.1185949295759201,,,,,,,,,,,-86.95999908447266,,,,,,,,,,NaN,,,,,,,,,,,,,,,,,,,,,,"[0.0117647061124444, 0.03529411926865578, 0.0]",,4.951094150543213,,,,,,,
1591,,,,"fileIndex=0, frameIndex=47, fps=29.98, bandwidth=102428.0",,,,,,,,,,,,,,,,,,,,,,,,,,,,,,,,,,,,,,,,,,,,,,,,,,,,,,,,,,,,,,,,,,,,,
1645,,,,"fileIndex=0, frameIndex=48, fps=29.98, bandwidth=102428.0",,,,,,,,,,,,,,0.577392519,0.8020018710000001,-0.12045655399560928,0.1193273738026619,,,,,,,,,,,-86.8499984741211,,,,,,,,,,NaN,,,,,,,,,,,,,,,,,,,,,,"[0.007843137718737125, 0.0235294122248888, 0.0]",,5.246094226837158,,,,,,,
1675,,,,"fileIndex=0, frameIndex=49, fps=29.98, bandwidth=102428.0",,,,,,,,,,,,,,,,,,,,,,,,,,,,,,,,,,,,,,,,,,,,,,,,,,,,,,,,,,,,,,,,,,,,,
1705,,,,"fileIndex=0, frameIndex=50, fps=29.98, bandwidth=102428.0",,,,,,,,,,,,,,,,,,,,,,,,,,,,,,,,,,,,,,,,,,,,,,,,,,,,,,,,,,,,,,,,,,,,,
1734,,,,"fileIndex=0, frameIndex=51, fps=29.98, bandwidth=102428.0",,,,,,,,,,,,,,,,,,,,,,,,,,,,,,,,,,,,,,,,,,,,,,,,,,,,,,,,,,,,,,,,,,,,,
1750,,,,,,,,,,,,,,,,,,0.571289004,0.806884683,-0.02050843834877014,0.019318217411637306,,,,,,,,,,,-86.2300033569336,,,,,,,,,,NaN,,,,,,,,,,,,,,,,,,,,,,"[0.22745098173618317, 0.2666666805744171, 0.18431372940540314]",,4.682499885559082,,,,,,,
1767,,,,"fileIndex=0, frameIndex=52, fps=29.98, bandwidth=102428.0",,,,,,,,,,,,,,,,,,,,,,,,,,,,,,,,,,,,,,,,,,,,,,,,,,,,,,,,,,,,,,,,,,,,,
1798,,,,"fileIndex=0, frameIndex=53, fps=29.98, bandwidth=102428.0",,,,,,,,,,,,,,,,,,,,,,,,,,,,,,,,,,,,,,,,,,,,,,,,,,,,,,,,,,,,,,,,,,,,,
1832,,,,"fileIndex=0, frameIndex=54, fps=29.98, bandwidth=102428.0",,,,,,,,,,,,,,,,,,,,,,,,,,,,,,,,,,,,,,,,,,,,,,,,,,,,,,,,,,,,,,,,,,,,,
1853,,,,,,,,,,,,,,,,,,0.574951113,0.806884683,0.0,-0.0,,,,,,,,,,,-86.37999725341797,,,,,,,,,,NaN,,,,,,,,,,,,,,,,,,,,,,"[0.29411765933036804, 0.3176470696926117, 0.23529411852359772]",,4.694427013397217,,,,,,,
1865,,,,"fileIndex=0, frameIndex=55, fps=29.98, bandwidth=102428.0",,,,,,,,,,,,,,,,,,,,,,,,,,,,,,,,,,,,,,,,,,,,,,,,,,,,,,,,,,,,,,,,,,,,,
1899,,,,"fileIndex=0, frameIndex=56, fps=29.98, bandwidth=102428.0",,,,,,,,,,,,,,,,,,,,,,,,,,,,,,,,,,,,,,,,,,,,,,,,,,,,,,,,,,,,,,,,,,,,,
1932,,,,"fileIndex=0, frameIndex=57, fps=29.98, bandwidth=102428.0",,,,,,,,,,,,,,,,,,,,,,,,,,,,,,,,,,,,,,,,,,,,,,,,,,,,,,,,,,,,,,,,,,,,,
1951,,,,,,,,,,,,,,,,,,0.571289004,0.806884683,-0.0025635547935962677,0.0037537766620516777,,,,,,,,,,,-86.29000091552734,,,,,,,,,,NaN,,,,,,,,,,,,,,,,,,,,,,"[0.2705882489681244, 0.2980392277240753, 0.24705882370471954]",,4.460155963897705,,,,,,,
1965,,,,"fileIndex=0, frameIndex=58, fps=29.98, bandwidth=102428.0",,,,,,,,,,,,,,,,,,,,,,,,,,,,,,,,,,,,,,,,,,,,,,,,,,,,,,,,,,,,,,,,,,,,,
2004,,,,"fileIndex=0, frameIndex=59, fps=29.98, bandwidth=102428.0",,,,,,,,,,,,,,,,,,,,,,,,,,,,,,,,,,,,,,,,,,,,,,,,,,,,,,,,,,,,,,,,,,,,,
2034,,,,"fileIndex=0, frameIndex=60, fps=29.98, bandwidth=102428.0",,,,,,,,,,,,,,,,,,,,,,,,,,,,,,,,,,,,,,,,,,,,,,,,,,,,,,,,,,,,,,,,,,,,,
2052,,,,,,,,,,,,,,,,,,0.570068301,0.8166503070000001,-0.09158604592084885,0.09280678629875183,,,,,,,,,,,-86.56999969482422,,,,,,,,,,NaN,,,,,,,,,,,,,,,,,,,,,,"[0.2549019753932953, 0.2980392277240753, 0.239215686917305]",,4.38604211807251,,,,,,,
2065,,,,"fileIndex=0, frameIndex=61, fps=29.98, bandwidth=102428.0",,,,,,,,,,,,,,,,,,,,,,,,,,,,,,,,,,,,,,,,,,,,,,,,,,,,,,,,,,,,,,,,,,,,,
2098,,,,"fileIndex=0, frameIndex=62, fps=29.98, bandwidth=102428.0",,,,,,,,,,,,,,,,,,,,,,,,,,,,,,,,,,,,,,,,,,,,,,,,,,,,,,,,,,,,,,,,,,,,,
2132,,,,"fileIndex=0, frameIndex=63, fps=29.98, bandwidth=102428.0",,,,,,,,,,,,,,,,,,,,,,,,,,,,,,,,,,,,,,,,,,,,,,,,,,,,,,,,,,,,,,,,,,,,,
2151,,,,,,,,,,,,,,,,,,0.571289004,0.808105386,-0.14127017557621002,0.13989685475826263,,,,,,,,,,,-86.45999908447266,,,,,,,,,,NaN,,,,,,,,,,,,,,,,,,,,,,"[0.2862745225429535, 0.34117648005485535, 0.27843138575553894]",,4.6161980628967285,,,,,,,
2166,,,,"fileIndex=0, frameIndex=64, fps=29.98, bandwidth=102428.0",,,,,,,,,,,,,,,,,,,,,,,,,,,,,,,,,,,,,,,,,,,,,,,,,,,,,,,,,,,,,,,,,,,,,
2199,,,,"fileIndex=0, frameIndex=65, fps=29.98, bandwidth=102428.0",,,,,,,,,,,,,,,,,,,,,,,,,,,,,,,,,,,,,,,,,,,,,,,,,,,,,,,,,,,,,,,,,,,,,
2232,,,,"fileIndex=0, frameIndex=66, fps=29.98, bandwidth=102428.0",,,,,,,,,,,,,,,,,,,,,,,,,,,,,,,,,,,,,,,,,,,,,,,,,,,,,,,,,,,,,,,,,,,,,
2253,,,,,,,,,,,,,,,,,,0.576171816,0.8044432770000001,-0.12134159356355667,0.12268441170454025,,,,,,,,,,,-86.12999725341797,,,,,,,,,,NaN,,,,,,,,,,,,,,,,,,,,,,"[0.14901961386203766, 0.16470588743686676, 0.12156862765550613]",,4.988072872161865,,,,,,,
2266,,,,"fileIndex=0, frameIndex=67, fps=29.98, bandwidth=102428.0",,,,,,,,,,,,,,,,,,,,,,,,,,,,,,,,,,,,,,,,,,,,,,,,,,,,,,,,,,,,,,,,,,,,,
2299,,,,"fileIndex=0, frameIndex=68, fps=29.98, bandwidth=102428.0",,,,,,,,,,,,,,,,,,,,,,,,,,,,,,,,,,,,,,,,,,,,,,,,,,,,,,,,,,,,,,,,,,,,,
2331,,,,"fileIndex=0, frameIndex=69, fps=29.98, bandwidth=102428.0",,,,,,,,,,,,,,,,,,,,,,,,,,,,,,,,,,,,,,,,,,,,,,,,,,,,,,,,,,,,,,,,,,,,,
2351,,,,,,,,,,,,,,,,,,0.577392519,0.8032225740000001,-0.1747489869594574,0.1747489869594574,,,,,,,,,,,-86.23999786376953,,,,,,,,,,NaN,,,,,,,,,,,,,,,,,,,,,,"[0.0, 0.04313725605607033, 0.01568627543747425]",,4.6285929679870605,,,,,,,
2365,,,,"fileIndex=0, frameIndex=70, fps=29.98, bandwidth=102428.0",,,,,,,,,,,,,,,,,,,,,,,,,,,,,,,,,,,,,,,,,,,,,,,,,,,,,,,,,,,,,,,,,,,,,
2399,,,,"fileIndex=0, frameIndex=71, fps=29.98, bandwidth=102428.0",,,,,,,,,,,,,,,,,,,,,,,,,,,,,,,,,,,,,,,,,,,,,,,,,,,,,,,,,,,,,,,,,,,,,
2439,,,,"fileIndex=0, frameIndex=72, fps=29.98, bandwidth=102428.0",,,,,,,,,,,,,,,,,,,,,,,,,,,,,,,,,,,,,,,,,,,,,,,,,,,,,,,,,,,,,,,,,,,,,
2451,,,,,,,,,,,,,,,,,,0.570068301,0.8154296040000001,-0.2372814118862152,0.2386852651834488,,,,,,,,,,,-85.62999725341797,,,,,,,,,,NaN,,,,,,,,,,,,,,,,,,,,,,"[0.04313725605607033, 0.2823529541492462, 0.3333333432674408]",,4.665520191192627,,,,,,,
2467,,,,"fileIndex=0, frameIndex=73, fps=29.98, bandwidth=106294.0",,,,,,,,,,,,,,,,,,,,,,,,,,,,,,,,,,,,,,,,,,,,,,,,,,,,,,,,,,,,,,,,,,,,,
2499,,,,"fileIndex=0, frameIndex=74, fps=29.98, bandwidth=106294.0",,,,,,,,,,,,,,,,,,,,,,,,,,,,,,,,,,,,,,,,,,,,,,,,,,,,,,,,,,,,,,,,,,,,,
2531,,,,"fileIndex=0, frameIndex=75, fps=29.98, bandwidth=106294.0",,,,,,,,,,,,,,,,,,,,,,,,,,,,,,,,,,,,,,,,,,,,,,,,,,,,,,,,,,,,,,,,,,,,,
2551,,,,,,,,,,,,,,,,,,0.571289004,0.811767495,-0.24179814755916595,0.24314096570014954,,,,,,,,,,,-85.04000091552734,,,,,,,,,,NaN,,,,,,,,,,,,,,,,,,,,,,"[0.0117647061124444, 0.08235294371843338, 0.0]",,4.698905944824219,,,,,,,
2564,,,,"fileIndex=0, frameIndex=76, fps=29.98, bandwidth=106294.0",,,,,,,,,,,,,,,,,,,,,,,,,,,,,,,,,,,,,,,,,,,,,,,,,,,,,,,,,,,,,,,,,,,,,
2602,,,,"fileIndex=0, frameIndex=77, fps=29.98, bandwidth=106294.0",,,,,,,,,,,,,,,,,,,,,,,,,,,,,,,,,,,,,,,,,,,,,,,,,,,,,,,,,,,,,,,,,,,,,
2651,,,,"fileIndex=0, frameIndex=78, fps=29.98, bandwidth=106294.0",,,,,,,,,,,,,,0.562744083,0.811767495,-0.3418073058128357,0.3431501090526581,,,,,,,,,,,-82.91999816894531,,,,,,,,,,NaN,,,,,,,,,,,,,,,,,,,,,,"[0.019607843831181526, 0.08627451211214066, 0.027450980618596077]",,5.615365028381348,,,,,,,
2683,,,,"fileIndex=0, frameIndex=79, fps=29.98, bandwidth=106294.0",,,,,,,,,,,,,,,,,,,,,,,,,,,,,,,,,,,,,,,,,,,,,,,,,,,,,,,,,,,,,,,,,,,,,
2712,,,,"fileIndex=0, frameIndex=80, fps=29.98, bandwidth=106294.0",,,,,,,,,,,,,,,,,,,,,,,,,,,,,,,,,,,,,,,,,,,,,,,,,,,,,,,,,,,,,,,,,,,,,
2747,,,,"fileIndex=0, frameIndex=81, fps=29.98, bandwidth=106294.0",,,,,,,,,,,,,,0.571289004,0.809326089,-0.3497726321220398,0.3486129343509674,,,,,,,,,,,-78.56999969482422,,,,,,,,,,NaN,,,,,,,,,,,,,,,,,,,,,,"[0.1882352977991104, 0.5803921818733215, 0.5843137502670288]",,5.015521049499512,,,,,,,
2779,,,,"fileIndex=0, frameIndex=82, fps=29.98, bandwidth=106294.0",,,,,,,,,,,,,,,,,,,,,,,,,,,,,,,,,,,,,,,,,,,,,,,,,,,,,,,,,,,,,,,,,,,,,
2811,,,,"fileIndex=0, frameIndex=83, fps=29.98, bandwidth=106294.0",,,,,,,,,,,,,,,,,,,,,,,,,,,,,,,,,,,,,,,,,,,,,,,,,,,,,,,,,,,,,,,,,,,,,
2844,,,,"fileIndex=0, frameIndex=84, fps=29.98, bandwidth=106294.0",,,,,,,,,,,,,,,,,,,,,,,,,,,,,,,,,,,,,,,,,,,,,,,,,,,,,,,,,,,,,,,,,,,,,
2853,,,,,,,,,,,,,,,,,,0.57373041,0.8056639800000001,-0.24979400634765625,0.24860377609729767,,,,,,,,,,,-43.81999969482422,,,,,,,,,,NaN,,,,,,,,,,,,,,,,,,,,,,"[0.3686274588108063, 0.3490196168422699, 0.23137255012989044]",,4.816458225250244,,,,,,,
2878,,,,"fileIndex=0, frameIndex=85, fps=29.98, bandwidth=106294.0",,,,,,,,,,,,,,,,,,,,,,,,,,,,,,,,,,,,,,,,,,,,,,,,,,,,,,,,,,,,,,,,,,,,,
2914,,,,"fileIndex=0, frameIndex=86, fps=29.98, bandwidth=106294.0",,,,,,,,,,,,,,,,,,,,,,,,,,,,,,,,,,,,,,,,,,,,,,,,,,,,,,,,,,,,,,,,,,,,,
2948,,,,"fileIndex=0, frameIndex=87, fps=29.98, bandwidth=106294.0",,,,,,,,,,,,,,0.571289004,0.808105386,-0.1498153656721115,0.14862513542175293,,,,,,,,,,,70.91000366210938,,,,,,,,,,34.986468222464325,,,,,,,,,,,,,,,,,,,,,,"[0.027450980618596077, 0.0941176488995552, 0.003921568859368563]",,4.985885143280029,,,,0.0,,,
2956,,,,,,,,,,,,,,,,,,,,,,,,,,,,,,,,,,,,,,,,,,,,,,,0.9323474349535528,true,,,-9.792572021484375,-1.9727401733398438,,,,-19.746837615966797,,,,,,,0.0,,0.0,,0.0,0.0,0.0,,0.0,0.0,0.0
2979,,,,"fileIndex=0, frameIndex=88, fps=29.98, bandwidth=106294.0",,,,,,,,,,,,,,,,,,,,,,,,,,,,,,,,,,,,,,,,,,,,,,,,,,,,,,,,,,,,,,,,,,,,,
3013,,,,"fileIndex=0, frameIndex=89, fps=29.98, bandwidth=106294.0",,,,,,,,,,,,,,,,,,,,,,,,,,,,,,,,,,,,,,,,,,,,,,,,,,,,,,,,,,,,,,,,,,,,,
3048,,,,"fileIndex=0, frameIndex=90, fps=29.98, bandwidth=106294.0",,,,,,,,,,,,,,0.572509707,0.8056639800000001,-0.04980620741844177,0.04861598461866379,,,,,,,,,,,80.87999725341797,,,,,,,,false,,NaN,,,,,0.9906,false,,,0.0,0.0,,,,0.0,,,,,,,1.6691291332244873,"[0.0, 0.16862745583057404, 0.22745098173618317]",54.0,5.154061794281006,57.3135986328125,-82.47618103027344,36.81238555908203,1.0,45.0,3.8395919799804688,-2.1549530029296875
3083,,,,"fileIndex=0, frameIndex=91, fps=29.98, bandwidth=106294.0",,,,,,,,,,,,,,,,,,,,,,,,,,,,,,,,,,,,,,,,,,,,,,,,,,,,,,,,,,,,,,,,,,,,,
3115,,,,"fileIndex=0, frameIndex=92, fps=29.98, bandwidth=106294.0",,,,,,,,,,,,,,,,,,,,,,,,,,,,,,,,,,,,,,,,,,,,,,,,,,,,,,,,,,,,,,,,,,,,,
3148,,,,"fileIndex=0, frameIndex=93, fps=29.98, bandwidth=106294.0",,,,,,,,,,,,,,,,,,,,,,,,,,,,,,,,,,,,,,,,,,,0.9906,false,,,0.0,0.0,,,,,,,,,,,,,,,,,,,,,
3156,,,,,,,,,,,,,,,,,,0.57373041,0.8056639800000001,0.0,-0.0,,,,,,,,,,,83.19999694824219,,,,,,,,,,NaN,,,,,,,,,,,,,,0.0,,,,,,,0.0,"[0.003921568859368563, 0.2666666805744171, 0.37254902720451355]",0.0,4.803437232971191,0.0,0.0,0.0,0.0,0.0,0.0,0.0
3180,,,,"fileIndex=0, frameIndex=94, fps=29.98, bandwidth=106294.0",,,,,,,,,,,,,,,,,,,,,,,,,,,,,,,,,,,,,,,,,,,,,,,,,,,,,,,,,,,,,,,,,,,,,
3216,,,,"fileIndex=0, frameIndex=95, fps=29.98, bandwidth=106294.0",,,,,,,,,,,,,,,,,,,,,,,,,,,,,,,,,,,,,,,,,,,,,,,,,,,,,,,,,,,,,,,,,,,,,
3248,,,,"fileIndex=0, frameIndex=96, fps=29.98, bandwidth=106294.0",,,,,,,,,,,,,,0.571289004,0.806884683,0.046449173241853714,-0.0477004311978817,,,,,,,,,,,83.55999755859375,,,,,,,,,,NaN,,,,,,,,,,,,,,,,,,,,,0.0,"[0.03921568766236305, 0.24705882370471954, 0.27450981736183167]",0.0,5.093542098999023,0.0,0.0,0.0,0.0,0.0,0.0,0.0
3280,,,,"fileIndex=0, frameIndex=97, fps=29.98, bandwidth=106294.0",,,,,,,,,,,,,,,,,,,,,,,,,,,,,,,,,,,,,,,,,,,,,,,,,,,,,,,,,,,,,,,,,,,,,
3312,,,,"fileIndex=0, frameIndex=98, fps=29.98, bandwidth=106294.0",,,,,,,,,,,,,,,,,,,,,,,,,,,,,,,,,,,,,,,,,,,,,,,,,,,,,,,,,,,,,,,,,,,,,
3345,,,,"fileIndex=0, frameIndex=99, fps=29.98, bandwidth=106294.0",,,,,,,,,,,,,,,,,,,,,,,,,,,,,,,,,,,,,,NaN,,,,,,,,,,,,,,,,,,,,,,,,,,,,,,,
3353,,,,,,,,,,,,,,,,,,0.577392519,0.8032225740000001,0.095736563205719,-0.09695730358362198,,,,,,,,,,,83.45999908447266,,,,,,,,,,,,,,,,,,,,,,,,,,,,,,,,"[0.01568627543747425, 0.05098039284348488, 0.062745101749897]",,4.7683329582214355,,,,,,,
3381,,,,"fileIndex=0, frameIndex=100, fps=29.98, bandwidth=106294.0",,,,,,,,,,,,,,,,,,,,,,,,,,,,,,,,,,,,,,,,,,,,,,,,,,,,,,,,,,,,,,,,,,,,,
3414,,,,"fileIndex=0, frameIndex=101, fps=29.98, bandwidth=106294.0",,,,,,,,,,,,,,,,,,,,,,,,,,,,,,,,,,,,,,,,,,,,,,,,,,,,,,,,,,,,,,,,,,,,,
3447,,,,"fileIndex=0, frameIndex=102, fps=28.98, bandwidth=127798.0",,,,,,,,,,,,,,0.577392519,0.8020018710000001,0.1741996556520462,-0.1754509061574936,,,,,,,,,,,82.72000122070312,,,,,,,,,,NaN,,,,,,,,,,,,,,,,,,,,,,"[0.003921568859368563, 0.1725490242242813, 0.2235294133424759]",,4.7602081298828125,,,,,,,
3479,,,,"fileIndex=0, frameIndex=103, fps=28.98, bandwidth=127798.0",,,,,,,,,,,,,,,,,,,,,,,,,,,,,,,,,,,,,,,,,,,,,,,,,,,,,,,,,,,,,,,,,,,,,
3513,,,,"fileIndex=0, frameIndex=104, fps=28.98, bandwidth=127798.0",,,,,,,,,,,,,,,,,,,,,,,,,,,,,,,,,,,,,,,,,,,,,,,,,,,,,,,,,,,,,,,,,,,,,
3546,,,,"fileIndex=0, frameIndex=105, fps=28.98, bandwidth=127798.0",,,,,,,,,,,,,,,,,,,,,,,,,,,,,,,,,,,,,,,,,,,,,,,,,,,,,,,,,,,,,,,,,,,,,
3556,,,,,,,,,,,,,,,,,,0.578613222,0.799560465,0.15314188599586487,-0.15314188599586487,,,,,,,,,,,80.7300033569336,,,,,,,,,,NaN,,,,,0.9906,false,,,0.0,0.0,,,,0.0,,,,,,,0.0,"[0.007843137718737125, 0.1882352977991104, 0.239215686917305]",0.0,4.918177127838135,0.0,0.0,0.0,0.0,0.0,0.0,0.0
3582,,,,"fileIndex=0, frameIndex=106, fps=28.98, bandwidth=127798.0",,,,,,,,,,,,,,,,,,,,,,,,,,,,,,,,,,,,,,,,,,,,,,,,,,,,,,,,,,,,,,,,,,,,,
3614,,,,"fileIndex=0, frameIndex=107, fps=28.98, bandwidth=127798.0",,,,,,,,,,,,,,,,,,,,,,,,,,,,,,,,,,,,,,,,,,,,,,,,,,,,,,,,,,,,,,,,,,,,,
3653,,,,,,,,,,,,,,,,,,0.57373041,0.8032225740000001,,,,,,,,,,,,,79.58000183105469,,,,,,,,,,40.01585103882626,,,,,,true,,,7.881324768066406,-2.1138839721679688,,,,-6.340191841125488,,,,,,,0.0,"[0.0117647061124444, 0.054901961237192154, 0.0]",0.0,5.8344268798828125,0.0,0.0,0.0,0.0,0.0,0.0,0.0
3666,,,,"fileIndex=0, frameIndex=108, fps=28.98, bandwidth=127798.0",,,,,,,,,,,,,,,,,,,,,,,,,,,,,,,,,,,,,,,,,,,,,,,,,,,,,,,,,,,,,,,,,,,,,
3696,,,,"fileIndex=0, frameIndex=109, fps=28.98, bandwidth=127798.0",,,,,,,,,,,,,,,,,,,,,,,,,,,,,,,,,,,,,,,,,,,,,,,,,,,,,,,,,,,,,,,,,,,,,
3727,,,,"fileIndex=0, frameIndex=110, fps=28.98, bandwidth=127798.0",,,,,,,,,,,,,,,,,,,,,,,,,,,,,,,,,,,,,,,,,,,,,,,,,,,,,,,,,,,,,,,,,,,,,
3753,,,,"fileIndex=0, frameIndex=111, fps=28.98, bandwidth=127798.0",,,,,,,,,,,,,,0.572509707,0.809326089,0.1506698876619339,-0.14929655194282532,,,,,,,,,,,76.76000213623047,,,,,,,,true,,40.66313151365079,,,,,0.9848615013549642,true,,,1.9956283569335938,-2.1926116943359375,,,,-6.170175075531006,,,,,,,0.5477246046066284,"[0.0235294122248888, 0.054901961237192154, 0.027450980618596077]",30.0,5.981093883514404,27.504901885986328,-85.03025817871094,23.086790084838867,1.0,24.0,-10.365333557128906,-0.42108154296875
3788,,,,"fileIndex=0, frameIndex=112, fps=28.98, bandwidth=127798.0",,,,,,,,,,,,,,,,,,,,,,,,,,,,,,,,,,,,,,,,,,,,,,,,,,,,,,,,,,,,,,,,,,,,,
3820,,,,"fileIndex=0, frameIndex=113, fps=28.98, bandwidth=127798.0",,,,,,,,,,,,,,,,,,,,,,,,,,,,,,,,,,,,,,,,,,,,,,,,,,,,,,,,,,,,,,,,,,,,,
3854,,,,"fileIndex=0, frameIndex=114, fps=28.98, bandwidth=127798.0",,,,,,,,,,,,,,0.571289004,0.809326089,0.11774040758609772,-0.11774040758609772,,,,,,,,,,,73.33000183105469,,,,,,,,false,,27.94090749337291,,,,,0.041239157501169334,true,,,-1.10321044921875,-1.9605255126953125,,,,-87.61405944824219,,,,,,,1.1367114782333374,"[0.003921568859368563, 0.05882352963089943, 0.0117647061124444]",49.0,5.805937767028809,48.04164505004883,-87.61405944824219,35.55248260498047,1.0,38.0,-1.10321044921875,-1.9605255126953125
3888,,,,"fileIndex=0, frameIndex=115, fps=28.98, bandwidth=127798.0",,,,,,,,,,,,,,,,,,,,,,,,,,,,,,,,,,,,,,,,,,,,,,,,,,,,,,,,,,,,,,,,,,,,,
3923,,,,"fileIndex=0, frameIndex=116, fps=28.98, bandwidth=127798.0",,,,,,,,,,,,,,,,,,,,,,,,,,,,,,,,,,,,,,,,,,,,,,,,,,,,,,,,,,,,,,,,,,,,,
3953,,,,"fileIndex=0, frameIndex=117, fps=28.98, bandwidth=127798.0",,,,,,,,,,,,,,0.570068301,0.810546792,0.14007996022701263,-0.14084291458129883,,,,,,,,,,,65.38999938964844,,,,,,,,,,NaN,,,,,0.9906,false,,,0.0,0.0,,,,0.0,,,,,,,0.0,"[0.09019608050584793, 0.21960784494876862, 0.1568627506494522]",0.0,5.569427013397217,0.0,0.0,0.0,0.0,0.0,0.0,0.0
3986,,,,"fileIndex=0, frameIndex=118, fps=28.98, bandwidth=127798.0",,,,,,,,,,,,,,,,,,,,,,,,,,,,,,,,,,,,,,,,,,,,,,,,,,,,,,,,,,,,,,,,,,,,,
4018,,,,"fileIndex=0, frameIndex=119, fps=28.98, bandwidth=127798.0",,,,,,,,,,,,,,,,,,,,,,,,,,,,,,,,,,,,,,,,,,,,,,,,,,,,,,,,,,,,,,,,,,,,,
4052,,,,"fileIndex=0, frameIndex=120, fps=28.98, bandwidth=127798.0",,,,,,,,,,,,,,0.570068301,0.809326089,0.15314188599586487,-0.15314188599586487,,,,,,,,,,,39.43000030517578,,,,,,,,,,NaN,,,,,,,,,,,,,,,,,,,,,0.0,"[0.019607843831181526, 0.1725490242242813, 0.23137255012989044]",0.0,4.662761211395264,0.0,0.0,0.0,0.0,0.0,0.0,0.0
4088,,,,"fileIndex=0, frameIndex=121, fps=28.98, bandwidth=127798.0",,,,,,,,,,,,,,,,,,,,,,,,,,,,,,,,,,,,,,,,,,,,,,,,,,,,,,,,,,,,,,,,,,,,,
4119,,,,"fileIndex=0, frameIndex=122, fps=28.98, bandwidth=127798.0",,,,,,,,,,,,,,,,,,,,,,,,,,,,,,,,,,,,,,,,,,,,,,,,,,,,,,,,,,,,,,,,,,,,,
4153,,,,"fileIndex=0, frameIndex=123, fps=28.98, bandwidth=127798.0",,,,,,,,,,,,,,0.5688475980000001,0.810546792,0.15314188599586487,-0.15314188599586487,,,,,,,,,,,-26.0,,,,,,,,,,26.969083536204103,,,,,0.8987818972065815,true,,,-15.384979248046875,-2.2497787475585938,,,,-24.86369514465332,,,,,,,0.0,"[0.2823529541492462, 0.4117647111415863, 0.29019609093666077]",25.0,4.61062479019165,49.10541915893555,0.0,19.67314910888672,0.0,44.0,0.0,0.0
4186,,,,"fileIndex=0, frameIndex=124, fps=28.98, bandwidth=127798.0",,,,,,,,,,,,,,,,,,,,,,,,,,,,,,,,,,,,,,,,,,,,,,,,,,,,,,,,,,,,,,,,,,,,,
4218,,,,"fileIndex=0, frameIndex=125, fps=28.98, bandwidth=127798.0",,,,,,,,,,,,,,,,,,,,,,,,,,,,,,,,,,,,,,,,,,,,,,,,,,,,,,,,,,,,,,,,,,,,,
4253,,,,"fileIndex=0, frameIndex=126, fps=28.98, bandwidth=127798.0",,,,,,,,,,,,,,0.571289004,0.809326089,0.07077242434024811,-0.06952116638422012,,,,,,,,,,,-62.65999984741211,,,,,,,,,,NaN,,,,,0.9906,false,,,0.0,0.0,,,,0.0,,,,,,,,"[0.007843137718737125, 0.09019608050584793, 0.0]",0.0,4.492551803588867,0.0,,0.0,,0.0,,
4286,,,,"fileIndex=0, frameIndex=127, fps=28.98, bandwidth=127798.0",,,,,,,,,,,,,,,,,,,,,,,,,,,,,,,,,,,,,,,,,,,,,,,,,,,,,,,,,,,,,,,,,,,,,
4316,,,,"fileIndex=0, frameIndex=128, fps=28.98, bandwidth=127798.0",,,,,,,,,,,,,,,,,,,,,,,,,,,,,,,,,,,,,,,,,,,,,,,,,,,,,,,,,,,,,,,,,,,,,
4349,,,,"fileIndex=0, frameIndex=129, fps=28.98, bandwidth=127798.0",,,,,,,,,,,,,,0.574951113,0.809326089,0.0,-0.0,,,,,,,,,,,-74.0,,,,,,,,,,NaN,,,,,,,,,,,,,,,,,,,,,,"[0.14509804546833038, 0.3843137323856354, 0.3490196168422699]",,4.453540802001953,,,,,,,
4385,,,,"fileIndex=0, frameIndex=130, fps=28.98, bandwidth=127798.0",,,,,,,,,,,,,,,,,,,,,,,,,,,,,,,,,,,,,,,,,,,,,,,,,,,,,,,,,,,,,,,,,,,,,
4444,,,,"fileIndex=0, frameIndex=131, fps=28.98, bandwidth=129612.0",,,,,,,,,,,,,,,,,,,,,,,,,,,,,,,,,,,,,,,,,,,,,,,,,,,,,,,,,,,,,,,,,,,,,
4478,,,,"fileIndex=0, frameIndex=132, fps=28.98, bandwidth=129612.0",,,,,,,,,,,,,,0.574951113,0.808105386,,,,,,,,,,,,,-76.95999908447266,,,,,,,,,,NaN,,,,,,,,,,,,,,,,,,,,,,"[0.08627451211214066, 0.2549019753932953, 0.32549020648002625]",,4.389843940734863,,,,,,,
4493,,,,"fileIndex=0, frameIndex=133, fps=28.98, bandwidth=129612.0",,,,,,,,,,,,,,,,,,,,,,,,,,,,,,,,,,,,,,,,,,,,,,,,,,,,,,,,,,,,,,,,,,,,,
4518,,,,"fileIndex=0, frameIndex=134, fps=28.98, bandwidth=129612.0",,,,,,,,,,,,,,,,,,,,,,,,,,,,,,,,,,,,,,,,,,,,,,,,,,,,,,,,,,,,,,,,,,,,,
4549,,,,"fileIndex=0, frameIndex=135, fps=28.98, bandwidth=129612.0",,,,,,,,,,,,,,0.572509707,0.8056639800000001,,,,,,,,,,,,,-77.88999938964844,,,,,,,,,,NaN,,,,,,,,,,,,,,,,,,,,,,"[0.11372549086809158, 0.250980406999588, 0.3019607961177826]",,4.470990180969238,,,,,,,
4586,,,,"fileIndex=0, frameIndex=136, fps=28.98, bandwidth=129612.0",,,,,,,,,,,,,,,,,,,,,,,,,,,,,,,,,,,,,,,,,,,,,,,,,,,,,,,,,,,,,,,,,,,,,
4617,,,,"fileIndex=0, frameIndex=137, fps=28.98, bandwidth=129612.0",,,,,,,,,,,,,,,,,,,,,,,,,,,,,,,,,,,,,,,,,,,,,,,,,,,,,,,,,,,,,,,,,,,,,
4655,,,,,,,,,,,,,,,,,,0.57373041,0.8056639800000001,,,,,,,,,,,,,-78.5,,,,,,,,,,NaN,,,,,,,,,,,,,,,,,,,,,,"[0.11764705926179886, 0.20392157137393951, 0.2823529541492462]",,5.355521202087402,,,,,,,
4671,,,,"fileIndex=0, frameIndex=138, fps=28.98, bandwidth=129612.0",,,,,,,,,,,,,,,,,,,,,,,,,,,,,,,,,,,,,,,,,,,,,,,,,,,,,,,,,,,,,,,,,,,,,
4701,,,,"fileIndex=0, frameIndex=139, fps=28.98, bandwidth=129612.0",,,,,,,,,,,,,,,,,,,,,,,,,,,,,,,,,,,,,,,,,,,,,,,,,,,,,,,,,,,,,,,,,,,,,
4727,,,,"fileIndex=0, frameIndex=140, fps=28.98, bandwidth=129612.0",,,,,,,,,,,,,,,,,,,,,,,,,,,,,,,,,,,,,,,,,,,,,,,,,,,,,,,,,,,,,,,,,,,,,
4755,,,,"fileIndex=0, frameIndex=141, fps=28.98, bandwidth=129612.0",,,,,,,,,,,,,,0.572509707,0.8056639800000001,,,,,,,,,,,,,-79.44999694824219,,,,,,,,,,NaN,,,,,,,,,,,,,,,,,,,,,,"[0.10196078568696976, 0.2078431397676468, 0.2980392277240753]",,4.4284892082214355,,,,,,,
4795,,,,"fileIndex=0, frameIndex=142, fps=28.98, bandwidth=129612.0",,,,,,,,,,,,,,,,,,,,,,,,,,,,,,,,,,,,,,,,,,,,,,,,,,,,,,,,,,,,,,,,,,,,,
4826,,,,"fileIndex=0, frameIndex=143, fps=28.98, bandwidth=129612.0",,,,,,,,,,,,,,,,,,,,,,,,,,,,,,,,,,,,,,,,,,,,,,,,,,,,,,,,,,,,,,,,,,,,,
4856,,,,"fileIndex=0, frameIndex=144, fps=28.98, bandwidth=129612.0",,,,,,,,,,,,,,0.572509707,0.806884683,,,,,,,,,,,,,-79.4000015258789,,,,,,,,,,NaN,,,,,,,,,,,,,,,,,,,,,,"[0.10196078568696976, 0.23529411852359772, 0.30980393290519714]",,4.432031154632568,,,,,,,
4893,,,,"fileIndex=0, frameIndex=145, fps=28.98, bandwidth=129612.0",,,,,,,,,,,,,,,,,,,,,,,,,,,,,,,,,,,,,,,,,,,,,,,,,,,,,,,,,,,,,,,,,,,,,
4932,,,,"fileIndex=0, frameIndex=146, fps=28.98, bandwidth=129612.0",,,,,,,,,,,,,,,,,,,,,,,,,,,,,,,,,,,,,,,,,,,,,,,,,,,,,,,,,,,,,,,,,,,,,
4955,,,,"fileIndex=0, frameIndex=147, fps=28.98, bandwidth=129612.0",,,,,,,,,,,,,,0.57373041,0.808105386,,,,,,,,,,,,,-78.8499984741211,,,,,,,,,,NaN,,,,,,,,,,,,,,,,,,,,,,"[0.062745101749897, 0.24705882370471954, 0.32156863808631897]",,4.569270133972168,,,,,,,
4993,,,,"fileIndex=0, frameIndex=148, fps=28.98, bandwidth=129612.0",,,,,,,,,,,,,,,,,,,,,,,,,,,,,,,,,,,,,,,,,,,,,,,,,,,,,,,,,,,,,,,,,,,,,
5028,,,,"fileIndex=0, frameIndex=149, fps=28.98, bandwidth=129612.0",,,,,,,,,,,,,,,,,,,,,,,,,,,,,,,,,,,,,,,,,,,,,,,,,,,,,,,,,,,,,,,,,,,,,
5056,,,,"fileIndex=0, frameIndex=150, fps=28.98, bandwidth=129612.0",,,,,,,,,,,,,,0.572509707,0.806884683,,,,,,,,,,,,,-78.58999633789062,,,,,,,,,,NaN,,,,,,,,,,,,,,,,,,,,,,"[0.05098039284348488, 0.24705882370471954, 0.32156863808631897]",,4.5434889793396,,,,,,,
5093,,,,"fileIndex=0, frameIndex=151, fps=28.98, bandwidth=129612.0",,,,,,,,,,,,,,,,,,,,,,,,,,,,,,,,,,,,,,,,,,,,,,,,,,,,,,,,,,,,,,,,,,,,,
5132,,,,"fileIndex=0, frameIndex=152, fps=28.98, bandwidth=129612.0",,,,,,,,,,,,,,,,,,,,,,,,,,,,,,,,,,,,,,,,,,,,,,,,,,,,,,,,,,,,,,,,,,,,,
5161,,,,"fileIndex=0, frameIndex=153, fps=28.98, bandwidth=129612.0",,,,,,,,,,,,,,0.57373041,0.806884683,,,,,,,,,,,,,-78.68000030517578,,,,,,,,,,NaN,,,,,,,,,,,,,,,,,,,,,,"[0.07058823853731155, 0.250980406999588, 0.2980392277240753]",,4.5638017654418945,,,,,,,
5193,,,,"fileIndex=0, frameIndex=154, fps=28.98, bandwidth=129612.0",,,,,,,,,,,,,,,,,,,,,,,,,,,,,,,,,,,,,,,,,,,,,,,,,,,,,,,,,,,,,,,,,,,,,
5227,,,,"fileIndex=0, frameIndex=155, fps=28.98, bandwidth=129612.0",,,,,,,,,,,,,,,,,,,,,,,,,,,,,,,,,,,,,,,,,,,,,,,,,,,,,,,,,,,,,,,,,,,,,
5256,,,,"fileIndex=0, frameIndex=156, fps=28.98, bandwidth=129612.0",,,,,,,,,,,,,,0.570068301,0.808105386,,,,,,,,,,,,,-78.58000183105469,,,,,,,,,,NaN,,,,,,,,,,,,,,,,,,,,,,"[0.12156862765550613, 0.21960784494876862, 0.30588236451148987]",,5.288854122161865,,,,,,,
5292,,,,"fileIndex=0, frameIndex=157, fps=28.98, bandwidth=129612.0",,,,,,,,,,,,,,,,,,,,,,,,,,,,,,,,,,,,,,,,,,,,,,,,,,,,,,,,,,,,,,,,,,,,,
5325,,,,"fileIndex=0, frameIndex=158, fps=28.98, bandwidth=129612.0",,,,,,,,,,,,,,,,,,,,,,,,,,,,,,,,,,,,,,,,,,,,,,,,,,,,,,,,,,,,,,,,,,,,,
5356,,,,"fileIndex=0, frameIndex=159, fps=28.98, bandwidth=129612.0",,,,,,,,,,,,,,0.57373041,0.806884683,,,,,,,,,,,,,-78.43000030517578,,,,,,,,,,NaN,,,,,,,,,,,,,,,,,,,,,,"[0.09803921729326248, 0.250980406999588, 0.32549020648002625]",,4.4644269943237305,,,,,,,
5392,,,,"fileIndex=0, frameIndex=160, fps=28.98, bandwidth=129612.0",,,,,,,,,,,,,,,,,,,,,,,,,,,,,,,,,,,,,,,,,,,,,,,,,,,,,,,,,,,,,,,,,,,,,
5426,,,,"fileIndex=0, frameIndex=161, fps=28.98, bandwidth=129612.0",,,,,,,,,,,,,,,,,,,,,,,,,,,,,,,,,,,,,,,,,,,,,,,,,,,,,,,,,,,,,,,,,,,,,
5456,,,,"fileIndex=0, frameIndex=162, fps=30.98, bandwidth=113340.0",,,,,,,,,,,,,,0.57373041,0.806884683,,,,,,,,,,,,,-78.44000244140625,,,,,,,,,,NaN,,,,,,,,,,,,,,,,,,,,,,"[0.0117647061124444, 0.27843138575553894, 0.35686275362968445]",,4.55401086807251,,,,,,,
5492,,,,"fileIndex=0, frameIndex=163, fps=30.98, bandwidth=113340.0",,,,,,,,,,,,,,,,,,,,,,,,,,,,,,,,,,,,,,,,,,,,,,,,,,,,,,,,,,,,,,,,,,,,,
5525,,,,"fileIndex=0, frameIndex=164, fps=30.98, bandwidth=113340.0",,,,,,,,,,,,,,,,,,,,,,,,,,,,,,,,,,,,,,,,,,,,,,,,,,,,,,,,,,,,,,,,,,,,,
5556,,,,"fileIndex=0, frameIndex=165, fps=30.98, bandwidth=113340.0",,,,,,,,,,,,,,0.571289004,0.808105386,,,,,,,,,,,,,-78.33000183105469,,,,,,,,,,NaN,,,,,,,,,,,,,,,,,,,,,,"[0.0117647061124444, 0.2666666805744171, 0.3019607961177826]",,4.363124847412109,,,,,,,
5596,,,,"fileIndex=0, frameIndex=166, fps=30.98, bandwidth=113340.0",,,,,,,,,,,,,,,,,,,,,,,,,,,,,,,,,,,,,,,,,,,,,,,,,,,,,,,,,,,,,,,,,,,,,
5630,,,,"fileIndex=0, frameIndex=167, fps=30.98, bandwidth=113340.0",,,,,,,,,,,,,,,,,,,,,,,,,,,,,,,,,,,,,,,,,,,,,,,,,,,,,,,,,,,,,,,,,,,,,
5656,,,,,,,,,,,,,,,,,,0.571289004,0.806884683,,,,,,,,,,,,,-78.30999755859375,,,,,,,,,,NaN,,,,,,,,,,,,,,,,,,,,,,"[0.05098039284348488, 0.23529411852359772, 0.2980392277240753]",,5.233697891235352,,,,,,,
5677,,,,"fileIndex=0, frameIndex=168, fps=30.98, bandwidth=113340.0",,,,,,,,,,,,,,,,,,,,,,,,,,,,,,,,,,,,,,,,,,,,,,,,,,,,,,,,,,,,,,,,,,,,,
5713,,,,"fileIndex=0, frameIndex=169, fps=30.98, bandwidth=113340.0",,,,,,,,,,,,,,,,,,,,,,,,,,,,,,,,,,,,,,,,,,,,,,,,,,,,,,,,,,,,,,,,,,,,,
5740,,,,"fileIndex=0, frameIndex=170, fps=30.98, bandwidth=113340.0",,,,,,,,,,,,,,,,,,,,,,,,,,,,,,,,,,,,,,,,,,,,,,,,,,,,,,,,,,,,,,,,,,,,,
5757,,,,,,,,,,,,,,,,,,0.574951113,0.808105386,,,,,,,,,,,,,-78.25,,,,,,,,,,NaN,,,,,,,,,,,,,,,,,,,,,,"[0.09803921729326248, 0.23137255012989044, 0.32549020648002625]",,4.876615047454834,,,,,,,
5772,,,,"fileIndex=0, frameIndex=171, fps=30.98, bandwidth=113340.0",,,,,,,,,,,,,,,,,,,,,,,,,,,,,,,,,,,,,,,,,,,,,,,,,,,,,,,,,,,,,,,,,,,,,
5805,,,,"fileIndex=0, frameIndex=172, fps=30.98, bandwidth=113340.0",,,,,,,,,,,,,,,,,,,,,,,,,,,,,,,,,,,,,,,,,,,,,,,,,,,,,,,,,,,,,,,,,,,,,
5838,,,,"fileIndex=0, frameIndex=173, fps=30.98, bandwidth=113340.0",,,,,,,,,,,,,,,,,,,,,,,,,,,,,,,,,,,,,,,,,,,,,,,,,,,,,,,,,,,,,,,,,,,,,
5857,,,,,,,,,,,,,,,,,,0.57373041,0.8056639800000001,,,,,,,,,,,,,-78.20999908447266,,,,,,,,,,NaN,,,,,,,,,,,,,,,,,,,,,,"[0.08235294371843338, 0.239215686917305, 0.32156863808631897]",,4.962760925292969,,,,,,,
5873,,,,"fileIndex=0, frameIndex=174, fps=30.98, bandwidth=113340.0",,,,,,,,,,,,,,,,,,,,,,,,,,,,,,,,,,,,,,,,,,,,,,,,,,,,,,,,,,,,,,,,,,,,,
5906,,,,"fileIndex=0, frameIndex=175, fps=30.98, bandwidth=113340.0",,,,,,,,,,,,,,,,,,,,,,,,,,,,,,,,,,,,,,,,,,,,,,,,,,,,,,,,,,,,,,,,,,,,,
5938,,,,"fileIndex=0, frameIndex=176, fps=30.98, bandwidth=113340.0",,,,,,,,,,,,,,,,,,,,,,,,,,,,,,,,,,,,,,,,,,,,,,,,,,,,,,,,,,,,,,,,,,,,,
5957,,,,,,,,,,,,,,,,,,0.574951113,0.808105386,,,,,,,,,,,,,-78.13999938964844,,,,,,,,,,NaN,,,,,,,,,,,,,,,,,,,,,,"[0.062745101749897, 0.250980406999588, 0.3019607961177826]",,4.983333110809326,,,,,,,
5971,,,,"fileIndex=0, frameIndex=177, fps=30.98, bandwidth=113340.0",,,,,,,,,,,,,,,,,,,,,,,,,,,,,,,,,,,,,,,,,,,,,,,,,,,,,,,,,,,,,,,,,,,,,
6004,,,,"fileIndex=0, frameIndex=178, fps=30.98, bandwidth=113340.0",,,,,,,,,,,,,,,,,,,,,,,,,,,,,,,,,,,,,,,,,,,,,,,,,,,,,,,,,,,,,,,,,,,,,
6038,,,,"fileIndex=0, frameIndex=179, fps=30.98, bandwidth=113340.0",,,,,,,,,,,,,,,,,,,,,,,,,,,,,,,,,,,,,,,,,,,,,,,,,,,,,,,,,,,,,,,,,,,,,
6057,,,,,,,,,,,,,,,,,,0.571289004,0.806884683,,,,,,,,,,,,,-78.0999984741211,,,,,,,,,,NaN,,,,,,,,,,,,,,,,,,,,,,"[0.0313725508749485, 0.24313725531101227, 0.30588236451148987]",,4.358541011810303,,,,,,,
6072,,,,"fileIndex=0, frameIndex=180, fps=30.98, bandwidth=113340.0",,,,,,,,,,,,,,,,,,,,,,,,,,,,,,,,,,,,,,,,,,,,,,,,,,,,,,,,,,,,,,,,,,,,,
6107,,,,"fileIndex=0, frameIndex=181, fps=30.98, bandwidth=113340.0",,,,,,,,,,,,,,,,,,,,,,,,,,,,,,,,,,,,,,,,,,,,,,,,,,,,,,,,,,,,,,,,,,,,,
6138,,,,"fileIndex=0, frameIndex=182, fps=30.98, bandwidth=113340.0",,,,,,,,,,,,,,,,,,,,,,,,,,,,,,,,,,,,,,,,,,,,,,,,,,,,,,,,,,,,,,,,,,,,,
6158,,,,,,,,,,,,,,,,,,0.572509707,0.806884683,,,,,,,,,,,,,-78.05000305175781,,,,,,,,,,NaN,,,,,,,,,,,,,,,,,,,,,,"[0.05098039284348488, 0.26274511218070984, 0.30980393290519714]",,4.9619269371032715,,,,,,,
6171,,,,"fileIndex=0, frameIndex=183, fps=30.98, bandwidth=113340.0",,,,,,,,,,,,,,,,,,,,,,,,,,,,,,,,,,,,,,,,,,,,,,,,,,,,,,,,,,,,,,,,,,,,,
6204,,,,"fileIndex=0, frameIndex=184, fps=30.98, bandwidth=113340.0",,,,,,,,,,,,,,,,,,,,,,,,,,,,,,,,,,,,,,,,,,,,,,,,,,,,,,,,,,,,,,,,,,,,,
6239,,,,"fileIndex=0, frameIndex=185, fps=30.98, bandwidth=113340.0",,,,,,,,,,,,,,,,,,,,,,,,,,,,,,,,,,,,,,,,,,,,,,,,,,,,,,,,,,,,,,,,,,,,,
6257,,,,,,,,,,,,,,,,,,0.572509707,0.8044432770000001,,,,,,,,,,,,,-78.0199966430664,,,,,,,,,,NaN,,,,,,,,,,,,,,,,,,,,,,"[0.019607843831181526, 0.27450981736183167, 0.2980392277240753]",,5.022759914398193,,,,,,,
6272,,,,"fileIndex=0, frameIndex=186, fps=30.98, bandwidth=113340.0",,,,,,,,,,,,,,,,,,,,,,,,,,,,,,,,,,,,,,,,,,,,,,,,,,,,,,,,,,,,,,,,,,,,,
6303,,,,"fileIndex=0, frameIndex=187, fps=30.98, bandwidth=113340.0",,,,,,,,,,,,,,,,,,,,,,,,,,,,,,,,,,,,,,,,,,,,,,,,,,,,,,,,,,,,,,,,,,,,,
6344,,,,"fileIndex=0, frameIndex=188, fps=30.98, bandwidth=113340.0",,,,,,,,,,,,,,,,,,,,,,,,,,,,,,,,,,,,,,,,,,,,,,,,,,,,,,,,,,,,,,,,,,,,,
6359,,,,,,,,,,,,,,,,,,0.572509707,0.8056639800000001,,,,,,,,,,,,,-77.95999908447266,,,,,,,,,,NaN,,,,,,,,,,,,,,,,,,,,,,"[0.003921568859368563, 0.2666666805744171, 0.3529411852359772]",,4.950885772705078,,,,,,,
6372,,,,"fileIndex=0, frameIndex=189, fps=30.98, bandwidth=113340.0",,,,,,,,,,,,,,,,,,,,,,,,,,,,,,,,,,,,,,,,,,,,,,,,,,,,,,,,,,,,,,,,,,,,,
6406,,,,"fileIndex=0, frameIndex=190, fps=30.98, bandwidth=113340.0",,,,,,,,,,,,,,,,,,,,,,,,,,,,,,,,,,,,,,,,,,,,,,,,,,,,,,,,,,,,,,,,,,,,,
6437,,,,"fileIndex=0, frameIndex=191, fps=30.98, bandwidth=113340.0",,,,,,,,,,,,,,,,,,,,,,,,,,,,,,,,,,,,,,,,,,,,,,,,,,,,,,,,,,,,,,,,,,,,,
6461,,,,,,,,,,,,,,,,,,0.572509707,0.8056639800000001,,,,,,,,,,,,,-77.94000244140625,,,,,,,,,,NaN,,,,,,,,,,,,,,,,,,,,,,"[0.01568627543747425, 0.27843138575553894, 0.29019609093666077]",,4.9295830726623535,,,,,,,
6470,,,,"fileIndex=0, frameIndex=192, fps=29.98, bandwidth=109368.0",,,,,,,,,,,,,,,,,,,,,,,,,,,,,,,,,,,,,,,,,,,,,,,,,,,,,,,,,,,,,,,,,,,,,
6507,,,,"fileIndex=0, frameIndex=193, fps=29.98, bandwidth=109368.0",,,,,,,,,,,,,,,,,,,,,,,,,,,,,,,,,,,,,,,,,,,,,,,,,,,,,,,,,,,,,,,,,,,,,
6539,,,,"fileIndex=0, frameIndex=194, fps=29.98, bandwidth=109368.0",,,,,,,,,,,,,,,,,,,,,,,,,,,,,,,,,,,,,,,,,,,,,,,,,,,,,,,,,,,,,,,,,,,,,
6558,,,,,,,,,,,,,,,,,,0.57373041,0.808105386,,,,,,,,,,,,,-77.88999938964844,,,,,,,,,,NaN,,,,,,,,,,,,,,,,,,,,,,"[0.0117647061124444, 0.25882354378700256, 0.3294117748737335]",,5.03895902633667,,,,,,,
6572,,,,"fileIndex=0, frameIndex=195, fps=29.98, bandwidth=109368.0",,,,,,,,,,,,,,,,,,,,,,,,,,,,,,,,,,,,,,,,,,,,,,,,,,,,,,,,,,,,,,,,,,,,,
6604,,,,"fileIndex=0, frameIndex=196, fps=29.98, bandwidth=109368.0",,,,,,,,,,,,,,,,,,,,,,,,,,,,,,,,,,,,,,,,,,,,,,,,,,,,,,,,,,,,,,,,,,,,,
6638,,,,"fileIndex=0, frameIndex=197, fps=29.98, bandwidth=109368.0",,,,,,,,,,,,,,,,,,,,,,,,,,,,,,,,,,,,,,,,,,,,,,,,,,,,,,,,,,,,,,,,,,,,,
6659,,,,,,,,,,,,,,,,,,0.572509707,0.8044432770000001,,,,,,,,,,,,,-77.8499984741211,,,,,,,,,,NaN,,,,,,,,,,,,,,,,,,,,,,"[0.09019608050584793, 0.23529411852359772, 0.3176470696926117]",,4.590676784515381,,,,,,,
6691,,,,"fileIndex=0, frameIndex=198, fps=29.98, bandwidth=109368.0",,,,,,,,,,,,,,,,,,,,,,,,,,,,,,,,,,,,,,,,,,,,,,,,,,,,,,,,,,,,,,,,,,,,,
6720,,,,"fileIndex=0, frameIndex=199, fps=29.98, bandwidth=109368.0",,,,,,,,,,,,,,,,,,,,,,,,,,,,,,,,,,,,,,,,,,,,,,,,,,,,,,,,,,,,,,,,,,,,,
6749,,,,"fileIndex=0, frameIndex=200, fps=29.98, bandwidth=109368.0",,,,,,,,,,,,,,,,,,,,,,,,,,,,,,,,,,,,,,,,,,,,,,,,,,,,,,,,,,,,,,,,,,,,,
6758,,,,,,,,,,,,,,,,,,0.572509707,0.8056639800000001,,,,,,,,,,,,,-77.83000183105469,,,,,,,,,,NaN,,,,,,,,,,,,,,,,,,,,,,"[0.03529411926865578, 0.250980406999588, 0.30588236451148987]",,4.50489616394043,,,,,,,
6779,,,,"fileIndex=0, frameIndex=201, fps=29.98, bandwidth=109368.0",,,,,,,,,,,,,,,,,,,,,,,,,,,,,,,,,,,,,,,,,,,,,,,,,,,,,,,,,,,,,,,,,,,,,
6813,,,,"fileIndex=0, frameIndex=202, fps=29.98, bandwidth=109368.0",,,,,,,,,,,,,,,,,,,,,,,,,,,,,,,,,,,,,,,,,,,,,,,,,,,,,,,,,,,,,,,,,,,,,
6846,,,,"fileIndex=0, frameIndex=203, fps=29.98, bandwidth=109368.0",,,,,,,,,,,,,,,,,,,,,,,,,,,,,,,,,,,,,,,,,,,,,,,,,,,,,,,,,,,,,,,,,,,,,
6859,,,,,,,,,,,,,,,,,,0.572509707,0.808105386,,,,,,,,,,,,,-77.80000305175781,,,,,,,,,,NaN,,,,,,,,,,,,,,,,,,,,,,"[0.07450980693101883, 0.22745098173618317, 0.3333333432674408]",,4.331978797912598,,,,,,,
6880,,,,"fileIndex=0, frameIndex=204, fps=29.98, bandwidth=109368.0",,,,,,,,,,,,,,,,,,,,,,,,,,,,,,,,,,,,,,,,,,,,,,,,,,,,,,,,,,,,,,,,,,,,,
6915,,,,"fileIndex=0, frameIndex=205, fps=29.98, bandwidth=109368.0",,,,,,,,,,,,,,,,,,,,,,,,,,,,,,,,,,,,,,,,,,,,,,,,,,,,,,,,,,,,,,,,,,,,,
6945,,,,"fileIndex=0, frameIndex=206, fps=29.98, bandwidth=109368.0",,,,,,,,,,,,,,,,,,,,,,,,,,,,,,,,,,,,,,,,,,,,,,,,,,,,,,,,,,,,,,,,,,,,,
6959,,,,,,,,,,,,,,,,,,0.57373041,0.8056639800000001,,,,,,,,,,,,,-77.79000091552734,,,,,,,,,,NaN,,,,,,,,,,,,,,,,,,,,,,"[0.10196078568696976, 0.23137255012989044, 0.32156863808631897]",,4.436355113983154,,,,,,,
6977,,,,"fileIndex=0, frameIndex=207, fps=29.98, bandwidth=109368.0",,,,,,,,,,,,,,,,,,,,,,,,,,,,,,,,,,,,,,,,,,,,,,,,,,,,,,,,,,,,,,,,,,,,,
7011,,,,"fileIndex=0, frameIndex=208, fps=29.98, bandwidth=109368.0",,,,,,,,,,,,,,,,,,,,,,,,,,,,,,,,,,,,,,,,,,,,,,,,,,,,,,,,,,,,,,,,,,,,,
7046,,,,"fileIndex=0, frameIndex=209, fps=29.98, bandwidth=109368.0",,,,,,,,,,,,,,,,,,,,,,,,,,,,,,,,,,,,,,,,,,,,,,,,,,,,,,,,,,,,,,,,,,,,,
7059,,,,,,,,,,,,,,,,,,0.57373041,0.806884683,,,,,,,,,,,,,-77.76000213623047,,,,,,,,,,NaN,,,,,,,,,,,,,,,,,,,,,,"[0.10588235408067703, 0.2549019753932953, 0.30980393290519714]",,4.434479236602783,,,,,,,
7082,,,,"fileIndex=0, frameIndex=210, fps=29.98, bandwidth=109368.0",,,,,,,,,,,,,,,,,,,,,,,,,,,,,,,,,,,,,,,,,,,,,,,,,,,,,,,,,,,,,,,,,,,,,
7121,,,,"fileIndex=0, frameIndex=211, fps=29.98, bandwidth=109368.0",,,,,,,,,,,,,,,,,,,,,,,,,,,,,,,,,,,,,,,,,,,,,,,,,,,,,,,,,,,,,,,,,,,,,
7144,,,,"fileIndex=0, frameIndex=212, fps=29.98, bandwidth=109368.0",,,,,,,,,,,,,,,,,,,,,,,,,,,,,,,,,,,,,,,,,,,,,,,,,,,,,,,,,,,,,,,,,,,,,
7158,,,,,,,,,,,,,,,,,,0.576171816,0.809326089,,,,,,,,,,,,,-77.73999786376953,,,,,,,,,,NaN,,,,,,,,,,,,,,,,,,,,,,"[0.019607843831181526, 0.250980406999588, 0.3294117748737335]",,4.519218921661377,,,,,,,
7178,,,,"fileIndex=0, frameIndex=213, fps=29.98, bandwidth=109368.0",,,,,,,,,,,,,,,,,,,,,,,,,,,,,,,,,,,,,,,,,,,,,,,,,,,,,,,,,,,,,,,,,,,,,
7211,,,,"fileIndex=0, frameIndex=214, fps=29.98, bandwidth=109368.0",,,,,,,,,,,,,,,,,,,,,,,,,,,,,,,,,,,,,,,,,,,,,,,,,,,,,,,,,,,,,,,,,,,,,
7247,,,,"fileIndex=0, frameIndex=215, fps=29.98, bandwidth=109368.0",,,,,,,,,,,,,,,,,,,,,,,,,,,,,,,,,,,,,,,,,,,,,,,,,,,,,,,,,,,,,,,,,,,,,
7259,,,,,,,,,,,,,,,,,,0.572509707,0.8056639800000001,,,,,,,,,,,,,-77.7300033569336,,,,,,,,,,NaN,,,,,,,,,,,,,,,,,,,,,,"[0.01568627543747425, 0.2666666805744171, 0.32156863808631897]",,4.675415992736816,,,,,,,
7280,,,,"fileIndex=0, frameIndex=216, fps=29.98, bandwidth=109368.0",,,,,,,,,,,,,,,,,,,,,,,,,,,,,,,,,,,,,,,,,,,,,,,,,,,,,,,,,,,,,,,,,,,,,
7310,,,,"fileIndex=0, frameIndex=217, fps=29.98, bandwidth=109368.0",,,,,,,,,,,,,,,,,,,,,,,,,,,,,,,,,,,,,,,,,,,,,,,,,,,,,,,,,,,,,,,,,,,,,
7343,,,,"fileIndex=0, frameIndex=218, fps=29.98, bandwidth=109368.0",,,,,,,,,,,,,,,,,,,,,,,,,,,,,,,,,,,,,,,,,,,,,,,,,,,,,,,,,,,,,,,,,,,,,
7359,,,,,,,,,,,,,,,,,,0.571289004,0.808105386,,,,,,,,,,,,,-77.70999908447266,,,,,,,,,,NaN,,,,,,,,,,,,,,,,,,,,,,"[0.0, 0.2823529541492462, 0.32156863808631897]",,5.212186813354492,,,,,,,
7379,,,,"fileIndex=0, frameIndex=219, fps=29.98, bandwidth=109368.0",,,,,,,,,,,,,,,,,,,,,,,,,,,,,,,,,,,,,,,,,,,,,,,,,,,,,,,,,,,,,,,,,,,,,
7412,,,,"fileIndex=0, frameIndex=220, fps=29.98, bandwidth=109368.0",,,,,,,,,,,,,,,,,,,,,,,,,,,,,,,,,,,,,,,,,,,,,,,,,,,,,,,,,,,,,,,,,,,,,
7444,,,,"fileIndex=0, frameIndex=221, fps=28.98, bandwidth=105520.0",,,,,,,,,,,,,,,,,,,,,,,,,,,,,,,,,,,,,,,,,,,,,,,,,,,,,,,,,,,,,,,,,,,,,
7460,,,,,,,,,,,,,,,,,,0.572509707,0.8056639800000001,,,,,,,,,,,,,-77.69999694824219,,,,,,,,,,NaN,,,,,,,,,,,,,,,,,,,,,0.0,"[0.0, 0.26274511218070984, 0.34117648005485535]",0.0,5.199375152587891,0.0,0.0,0.0,0.0,0.0,0.0,0.0
7481,,,,"fileIndex=0, frameIndex=222, fps=28.98, bandwidth=105520.0",,,,,,,,,,,,,,,,,,,,,,,,,,,,,,,,,,,,,,,,,,,,,,,,,,,,,,,,,,,,,,,,,,,,,
7511,,,,"fileIndex=0, frameIndex=223, fps=28.98, bandwidth=105520.0",,,,,,,,,,,,,,,,,,,,,,,,,,,,,,,,,,,,,,,,,,,,,,,,,,,,,,,,,,,,,,,,,,,,,
7545,,,,"fileIndex=0, frameIndex=224, fps=28.98, bandwidth=105520.0",,,,,,,,,,,,,,,,,,,,,,,,,,,,,,,,,,,,,,,,,,,,,,,,,,,,,,,,,,,,,,,,,,,,,
7560,,,,,,,,,,,32.0,,,,,,,0.571289004,0.806884683,,,[],[],,,,,,,,,-77.69999694824219,,,,,,,,,,NaN,,,,,,,,,,,,,,,,,,,,,,"[0.0235294122248888, 0.24705882370471954, 0.3176470696926117]",,4.598542213439941,,,,,,,
7581,,,,"fileIndex=0, frameIndex=225, fps=28.98, bandwidth=105520.0",,,,,,,,,,,,,,,,,,,,,,,,,,,,,,,,,,,,,,,,,,,,,,,,,,,,,,,,,,,,,,,,,,,,,
7611,,,,"fileIndex=0, frameIndex=226, fps=28.98, bandwidth=105520.0",,,,,,,,,,,,,,,,,,,,,,,,,,,,,,,,,,,,,,,,,,,,,,,,,,,,,,,,,,,,,,,,,,,,,
7643,,,,"fileIndex=0, frameIndex=227, fps=28.98, bandwidth=105520.0",,,,,,,,,,,,,,,,,,,,,,,,,,,,,,,,,,,,,,,,,,,,,,,,,,,,,,,,,,,,,,,,,,,,,
7660,,,,,,,,,,,,,,,,,,0.57373041,0.806884683,,,,,,,,,,,,,-77.69000244140625,,,,,,,,,,NaN,,,,,,,,,,,,,,,,,,,,,,"[0.0, 0.2862745225429535, 0.32549020648002625]",,5.407343864440918,,,,,,,
7698,,,,"fileIndex=0, frameIndex=228, fps=28.98, bandwidth=105520.0",,,,,,,,,,,,,,,,,,,,,,,,,,,,,,,,,,,,,,,,,,,,,,,,,,,,,,,,,,,,,,,,,,,,,
7726,,,,"fileIndex=0, frameIndex=229, fps=28.98, bandwidth=105520.0",,,,,,,,,,,,,,,,,,,,,,,,,,,,,,,,,,,,,,,,,,,,,,,,,,,,,,,,,,,,,,,,,,,,,
7756,,,,"fileIndex=0, frameIndex=230, fps=28.98, bandwidth=105520.0",,,,,,,,,,,,,,0.572509707,0.806884683,,,,,,,,,,,,,-77.66000366210938,,,,,,,,,,NaN,,,,,,,,,,,,,,,,,,,,,,"[0.01568627543747425, 0.2666666805744171, 0.3176470696926117]",,4.608071804046631,,,,,,,
7788,,,,"fileIndex=0, frameIndex=231, fps=28.98, bandwidth=105520.0",,,,,,,,,,,,,,,,,,,,,,,,,,,,,,,,,,,,,,,,,,,,,,,,,,,,,,,,,,,,,,,,,,,,,
7820,,,,"fileIndex=0, frameIndex=232, fps=28.98, bandwidth=105520.0",,,,,,,,,,,,,,,,,,,,,,,,,,,,,,,,,,,,,,,,,,,,,,,,,,,,,,,,,,,,,,,,,,,,,
7856,,,,"fileIndex=0, frameIndex=233, fps=28.98, bandwidth=105520.0",,,,,,,,,,,,,,0.57373041,0.806884683,,,,,,,,,,,,,-77.62999725341797,,,,,,,,,,NaN,,,,,,,,,,,,,,,,,,,,,,"[0.0313725508749485, 0.25882354378700256, 0.32549020648002625]",,4.378020763397217,,,,,,,
7887,,,,"fileIndex=0, frameIndex=234, fps=28.98, bandwidth=105520.0",,,,,,,,,,,,,,,,,,,,,,,,,,,,,,,,,,,,,,,,,,,,,,,,,,,,,,,,,,,,,,,,,,,,,
7920,,,,"fileIndex=0, frameIndex=235, fps=28.98, bandwidth=105520.0",,,,,,,,,,,,,,,,,,,,,,,,,,,,,,,,,,,,,,,,,,,,,,,,,,,,,,,,,,,,,,,,,,,,,
7955,,,,"fileIndex=0, frameIndex=236, fps=28.98, bandwidth=105520.0",,,,,,,,,,,,,,0.572509707,0.808105386,,,,,,,,,,,,,-77.62000274658203,,,,,,,,,,NaN,,,,,,,,,,,,,,,,,,,,,,"[0.0470588244497776, 0.24313725531101227, 0.3176470696926117]",,4.3324480056762695,,,,,,,
7987,,,,"fileIndex=0, frameIndex=237, fps=28.98, bandwidth=105520.0",,,,,,,,,,,,,,,,,,,,,,,,,,,,,,,,,,,,,,,,,,,,,,,,,,,,,,,,,,,,,,,,,,,,,
8020,,,,"fileIndex=0, frameIndex=238, fps=28.98, bandwidth=105520.0",,,,,,,,,,,,,,,,,,,,,,,,,,,,,,,,,,,,,,,,,,,,,,,,,,,,,,,,,,,,,,,,,,,,,
8053,,,,"fileIndex=0, frameIndex=239, fps=28.98, bandwidth=105520.0",,,,,,,,,,,,,,,,,,,,,,,,,,,,,,,,,,,,,,,,,,,,,,,,,,,,,,,,,,,,,,,,,,,,,
8061,,,,,,,,,,,,,,,,,,0.57373041,0.8056639800000001,,,,,,,,,,,,,-77.61000061035156,,,,,,,,,,NaN,,,,,,,,,,,,,,,,,,,,,,"[0.0470588244497776, 0.26274511218070984, 0.3333333432674408]",,4.486093997955322,,,,,,,
8088,,,,"fileIndex=0, frameIndex=240, fps=28.98, bandwidth=105520.0",,,,,,,,,,,,,,,,,,,,,,,,,,,,,,,,,,,,,,,,,,,,,,,,,,,,,,,,,,,,,,,,,,,,,
8119,,,,"fileIndex=0, frameIndex=241, fps=28.98, bandwidth=105520.0",,,,,,,,,,,,,,,,,,,,,,,,,,,,,,,,,,,,,,,,,,,,,,,,,,,,,,,,,,,,,,,,,,,,,
8153,,,,"fileIndex=0, frameIndex=242, fps=28.98, bandwidth=105520.0",,,,,,,,,,,,,,0.571289004,0.808105386,,,,,,,,,,,,,-77.58000183105469,,,,,,,,,,NaN,,,,,,,,,,,,,,,,,,,,,,"[0.08235294371843338, 0.24313725531101227, 0.2980392277240753]",,4.751978874206543,,,,,,,
8186,,,,"fileIndex=0, frameIndex=243, fps=28.98, bandwidth=105520.0",,,,,,,,,,,,,,,,,,,,,,,,,,,,,,,,,,,,,,,,,,,,,,,,,,,,,,,,,,,,,,,,,,,,,
8219,,,,"fileIndex=0, frameIndex=244, fps=28.98, bandwidth=105520.0",,,,,,,,,,,,,,,,,,,,,,,,,,,,,,,,,,,,,,,,,,,,,,,,,,,,,,,,,,,,,,,,,,,,,
8255,,,,"fileIndex=0, frameIndex=245, fps=28.98, bandwidth=105520.0",,,,,,,,,,,,,,0.572509707,0.8056639800000001,,,,,,,,,,,,,-77.58000183105469,,,,,,,,,,NaN,,,,,,,,,,,,,,,,,,,,,,"[0.09019608050584793, 0.27450981736183167, 0.3333333432674408]",,4.8415632247924805,,,,,,,
8287,,,,"fileIndex=0, frameIndex=246, fps=28.98, bandwidth=105520.0",,,,,,,,,,,,,,,,,,,,,,,,,,,,,,,,,,,,,,,,,,,,,,,,,,,,,,,,,,,,,,,,,,,,,
8319,,,,"fileIndex=0, frameIndex=247, fps=28.98, bandwidth=105520.0",,,,,,,,,,,,,,,,,,,,,,,,,,,,,,,,,,,,,,,,,,,,,,,,,,,,,,,,,,,,,,,,,,,,,
8353,,,,"fileIndex=0, frameIndex=248, fps=28.98, bandwidth=105520.0",,,,,,,,,,,,,,,,,,,,,,,,,,,,,,,,,,,,,,NaN,,,,,,,,,,,,,,,,,,,,,,,,,,,,,,,
8361,,,,,,,,,,,,,,,,,,0.572509707,0.806884683,,,,,,,,,,,,,-77.56999969482422,,,,,,,,,,,,,,,,,,,,,,,,,,,,,,,,"[0.0941176488995552, 0.239215686917305, 0.3333333432674408]",,4.896144866943359,,,,,,,
8386,,,,"fileIndex=0, frameIndex=249, fps=28.98, bandwidth=105520.0",,,,,,,,,,,,,,,,,,,,,,,,,,,,,,,,,,,,,,,,,,,,,,,,,,,,,,,,,,,,,,,,,,,,,
8420,,,,"fileIndex=0, frameIndex=250, fps=28.98, bandwidth=105520.0",,,,,,,,,,,,,,,,,,,,,,,,,,,,,,,,,,,,,,,,,,,,,,,,,,,,,,,,,,,,,,,,,,,,,
8453,,,,"fileIndex=0, frameIndex=251, fps=29.91, bandwidth=108943.0",,,,,,,,,,,,,,,,,,,,,,,,,,,,,,,,,,,,,,,,,,,,,,,,,,,,,,,,,,,,,,,,,,,,,
8461,,,,,,,,,,,,,,,,,,0.57373041,0.8056639800000001,,,,,,,,,,,,,-77.55000305175781,,,,,,,,,,NaN,,,,,,,,,,,,,,,,,,,,,,"[0.05882352963089943, 0.24313725531101227, 0.30980393290519714]",,5.163437843322754,,,,,,,
8487,,,,"fileIndex=0, frameIndex=252, fps=29.91, bandwidth=108943.0",,,,,,,,,,,,,,,,,,,,,,,,,,,,,,,,,,,,,,,,,,,,,,,,,,,,,,,,,,,,,,,,,,,,,
8520,,,,"fileIndex=0, frameIndex=253, fps=29.91, bandwidth=108943.0",,,,,,,,,,,,,,,,,,,,,,,,,,,,,,,,,,,,,,,,,,,,,,,,,,,,,,,,,,,,,,,,,,,,,
8554,,,,"fileIndex=0, frameIndex=254, fps=29.91, bandwidth=108943.0",,,,,,,,,,,,,,,0.8056639800000001,,,,,,,,,,,,,,,,,,,,,,,NaN,,,,,,,,,,,,,,,,,,,,,,,,,,,,,,,
8562,,,,,,,,,,,,,,,,,,0.572509707,,,,,,,,,,,,,,-77.51000213623047,,,,,,,,,,,,,,,,,,,,,,,,,,,,,,,,"[0.0313725508749485, 0.23137255012989044, 0.3176470696926117]",,4.460989952087402,,,,,,,
8607,,,,"fileIndex=0, frameIndex=255, fps=29.91, bandwidth=108943.0",,,,,,,,,,,,,,,,,,,,,,,,,,,,,,,,,,,,,,,,,,,,,,,,,,,,,,,,,,,,,,,,,,,,,
8619,,,,"fileIndex=0, frameIndex=256, fps=29.91, bandwidth=108943.0",,,,,,,,,,,,,,,,,,,,,,,,,,,,,,,,,,,,,,,,,,,,,,,,,,,,,,,,,,,,,,,,,,,,,
8652,,,,"fileIndex=0, frameIndex=257, fps=29.91, bandwidth=108943.0",,,,,,,,,,,,,,,,,,,,,,,,,,,,,,,,,,,,,,,,,,,,,,,,,,,,,,,,,,,,,,,,,,,,,
8661,,,,,,,,,,,,,,,,,,0.571289004,0.806884683,,,,,,,,,,,,,-77.48999786376953,,,,,,,,,,NaN,,,,,,,,,,,,,,,,,,,,,,"[0.0, 0.25882354378700256, 0.3176470696926117]",,4.707865238189697,,,,,,,
8707,,,,"fileIndex=0, frameIndex=258, fps=29.91, bandwidth=108943.0",,,,,,,,,,,,,,,,,,,,,,,,,,,,,,,,,,,,,,,,,,,,,,,,,,,,,,,,,,,,,,,,,,,,,
8738,,,,"fileIndex=0, frameIndex=259, fps=29.91, bandwidth=108943.0",,,,,,,,,,,,,,,,,,,,,,,,,,,,,,,,,,,,,,,,,,,,,,,,,,,,,,,,,,,,,,,,,,,,,
8761,,,,"fileIndex=0, frameIndex=260, fps=29.91, bandwidth=108943.0",,,,,,,,,,,,,,0.57373041,0.8056639800000001,,,,,,,,,,,,,-77.47000122070312,,,,,,,,,,NaN,,,,,,,,,,,,,,,,,,,,,,"[0.0235294122248888, 0.27450981736183167, 0.30980393290519714]",,5.637864112854004,,,,,,,
8799,,,,"fileIndex=0, frameIndex=261, fps=29.91, bandwidth=108943.0",,,,,,,,,,,,,,,,,,,,,,,,,,,,,,,,,,,,,,,,,,,,,,,,,,,,,,,,,,,,,,,,,,,,,
8832,,,,"fileIndex=0, frameIndex=262, fps=29.91, bandwidth=108943.0",,,,,,,,,,,,,,,,,,,,,,,,,,,,,,,,,,,,,,,,,,,,,,,,,,,,,,,,,,,,,,,,,,,,,
8862,,,,"fileIndex=0, frameIndex=263, fps=29.91, bandwidth=108943.0",,,,,,,,,,,,,,0.57373041,0.8056639800000001,,,,,,,,,,,,,-77.45999908447266,,,,,,,,,,NaN,,,,,,,,,,,,,,,,,,,,,,"[0.09019608050584793, 0.23529411852359772, 0.30980393290519714]",,4.507656097412109,,,,,,,
8902,,,,"fileIndex=0, frameIndex=264, fps=29.91, bandwidth=108943.0",,,,,,,,,,,,,,,,,,,,,,,,,,,,,,,,,,,,,,,,,,,,,,,,,,,,,,,,,,,,,,,,,,,,,
8932,,,,"fileIndex=0, frameIndex=265, fps=29.91, bandwidth=108943.0",,,,,,,,,,,,,,,,,,,,,,,,,,,,,,,,,,,,,,,,,,,,,,,,,,,,,,,,,,,,,,,,,,,,,
8963,,,,"fileIndex=0, frameIndex=266, fps=29.91, bandwidth=108943.0",,,,,,,,,,,,,,0.571289004,0.8056639800000001,,,,,,,,,,,,,-77.44999694824219,,,,,,,,,,NaN,,,,,,,,,,,,,,,,,,,,,,"[0.05882352963089943, 0.24705882370471954, 0.2980392277240753]",,4.5396881103515625,,,,,,,
8998,,,,"fileIndex=0, frameIndex=267, fps=29.91, bandwidth=108943.0",,,,,,,,,,,,,,,,,,,,,,,,,,,,,,,,,,,,,,,,,,,,,,,,,,,,,,,,,,,,,,,,,,,,,
9032,,,,"fileIndex=0, frameIndex=268, fps=29.91, bandwidth=108943.0",,,,,,,,,,,,,,,,,,,,,,,,,,,,,,,,,,,,,,,,,,,,,,,,,,,,,,,,,,,,,,,,,,,,,
9062,,,,"fileIndex=0, frameIndex=269, fps=29.91, bandwidth=108943.0",,,,,,,,,,,,,,0.571289004,,,,,,,,,,,,,,-77.44999694824219,,,,,,,,,,NaN,,,,,,,,,,,,,,,,,,,,,,"[0.06666667014360428, 0.24313725531101227, 0.30980393290519714]",,4.605729103088379,,,,,,,
9100,,,,"fileIndex=0, frameIndex=270, fps=29.91, bandwidth=108943.0",,,,,,,,,,,,,,,,,,,,,,,,,,,,,,,,,,,,,,,,,,,,,,,,,,,,,,,,,,,,,,,,,,,,,
9133,,,,"fileIndex=0, frameIndex=271, fps=29.91, bandwidth=108943.0",,,,,,,,,,,,,,,,,,,,,,,,,,,,,,,,,,,,,,,,,,,,,,,,,,,,,,,,,,,,,,,,,,,,,
9162,,,,"fileIndex=0, frameIndex=272, fps=29.91, bandwidth=108943.0",,,,,,,,,,,,,,0.57373041,0.8056639800000001,,,,,,,,,,,,,-77.44999694824219,,,,,,,,,,NaN,,,,,,,,,,,,,,,,,,,,,,"[0.09803921729326248, 0.239215686917305, 0.32549020648002625]",,5.079166889190674,,,,,,,
9202,,,,"fileIndex=0, frameIndex=273, fps=29.91, bandwidth=108943.0",,,,,,,,,,,,,,,,,,,,,,,,,,,,,,,,,,,,,,,,,,,,,,,,,,,,,,,,,,,,,,,,,,,,,
9233,,,,"fileIndex=0, frameIndex=274, fps=29.91, bandwidth=108943.0",,,,,,,,,,,,,,,,,,,,,,,,,,,,,,,,,,,,,,,,,,,,,,,,,,,,,,,,,,,,,,,,,,,,,
9262,,,,"fileIndex=0, frameIndex=275, fps=29.91, bandwidth=108943.0",,,,,,,,,,,,,,0.57373041,0.8044432770000001,,,,,,,,,,,,,-77.43000030517578,,,,,,,,,,NaN,,,,,,,,,,,,,,,,,,,,,,"[0.003921568859368563, 0.250980406999588, 0.30588236451148987]",,4.546093940734863,,,,,,,
9298,,,,"fileIndex=0, frameIndex=276, fps=29.91, bandwidth=108943.0",,,,,,,,,,,,,,,,,,,,,,,,,,,,,,,,,,,,,,,,,,,,,,,,,,,,,,,,,,,,,,,,,,,,,
9331,,,,"fileIndex=0, frameIndex=277, fps=29.91, bandwidth=108943.0",,,,,,,,,,,,,,,,,,,,,,,,,,,,,,,,,,,,,,,,,,,,,,,,,,,,,,,,,,,,,,,,,,,,,
9362,,,,"fileIndex=0, frameIndex=278, fps=29.91, bandwidth=108943.0",,,,,,,,,,,,,,0.572509707,0.8056639800000001,,,,,,,,,,,,,-77.44000244140625,,,,,,,,,,NaN,,,,,,,,,,,,,,,,,,,,,,"[0.01568627543747425, 0.23529411852359772, 0.33725491166114807]",,4.6181769371032715,,,,,,,
9399,,,,"fileIndex=0, frameIndex=279, fps=29.91, bandwidth=108943.0",,,,,,,,,,,,,,,,,,,,,,,,,,,,,,,,,,,,,,,,,,,,,,,,,,,,,,,,,,,,,,,,,,,,,
9431,,,,"fileIndex=0, frameIndex=280, fps=29.91, bandwidth=108943.0",,,,,,,,,,,,,,,,,,,,,,,,,,,,,,,,,,,,,,,,,,,,,,,,,,,,,,,,,,,,,,,,,,,,,
9462,,,,"fileIndex=0, frameIndex=281, fps=29.99, bandwidth=109182.0",,,,,,,,,,,,,,0.572509707,0.808105386,,,,,,,,,,,,,-77.41999816894531,,,,,,,,,,NaN,,,,,,,,,,,,,,,,,,,,,,"[0.027450980618596077, 0.24705882370471954, 0.3176470696926117]",,4.5506768226623535,,,,,,,
9498,,,,"fileIndex=0, frameIndex=282, fps=29.99, bandwidth=109182.0",,,,,,,,,,,,,,,,,,,,,,,,,,,,,,,,,,,,,,,,,,,,,,,,,,,,,,,,,,,,,,,,,,,,,
9542,,,,"fileIndex=0, frameIndex=283, fps=29.99, bandwidth=109182.0",,,,,,,,,,,,,,,,,,,,,,,,,,,,,,,,,,,,,,,,,,,,,,,,,,,,,,,,,,,,,,,,,,,,,
9563,,,,,,,,,,,,,,,,,,0.57373041,0.806884683,,,,,,,,,,,,,-77.41000366210938,,,,,,,,,,NaN,,,,,,,,,,,,,,,,,,,,,,"[0.0235294122248888, 0.2705882489681244, 0.3176470696926117]",,5.389791011810303,,,,,,,
9572,,,,"fileIndex=0, frameIndex=284, fps=29.99, bandwidth=109182.0",,,,,,,,,,,,,,,,,,,,,,,,,,,,,,,,,,,,,,,,,,,,,,,,,,,,,,,,,,,,,,,,,,,,,
9598,,,,"fileIndex=0, frameIndex=285, fps=29.99, bandwidth=109182.0",,,,,,,,,,,,,,,,,,,,,,,,,,,,,,,,,,,,,,,,,,,,,,,,,,,,,,,,,,,,,,,,,,,,,
9632,,,,"fileIndex=0, frameIndex=286, fps=29.99, bandwidth=109182.0",,,,,,,,,,,,,,,,,,,,,,,,,,,,,,,,,,,,,,,,,,,,,,,,,,,,,,,,,,,,,,,,,,,,,
9663,,,,"fileIndex=0, frameIndex=287, fps=29.99, bandwidth=109182.0",,,,,,,,,,,,,,0.572509707,0.8056639800000001,,,,,,,,,,,,,-77.37999725341797,,,,,,,,,,NaN,,,,,,,,,,,,,,,,,,,,,,"[0.0941176488995552, 0.26274511218070984, 0.32549020648002625]",,4.636250019073486,,,,,,,
9718,,,,"fileIndex=0, frameIndex=288, fps=29.99, bandwidth=109182.0",,,,,,,,,,,,,,,,,,,,,,,,,,,,,,,,,,,,,,,,,,,,,,,,,,,,,,,,,,,,,,,,,,,,,
9750,,,,"fileIndex=0, frameIndex=289, fps=29.99, bandwidth=109182.0",,,,,,,,,,,,,,,,,,,,,,,,,,,,,,,,,,,,,,,,,,,,,,,,,,,,,,,,,,,,,,,,,,,,,
9763,,,,,,,,,,,,,,,,,,0.571289004,0.806884683,,,,,,,,,,,,,-77.41000366210938,,,,,,,,,,NaN,,,,,,,,,,,,,,,,,,,,,,"[0.09019608050584793, 0.2666666805744171, 0.29019609093666077]",,5.870209217071533,,,,,,,
9781,,,,"fileIndex=0, frameIndex=290, fps=29.99, bandwidth=109182.0",,,,,,,,,,,,,,,,,,,,,,,,,,,,,,,,,,,,,,,,,,,,,,,,,,,,,,,,,,,,,,,,,,,,,
9819,,,,"fileIndex=0, frameIndex=291, fps=29.99, bandwidth=109182.0",,,,,,,,,,,,,,,,,,,,,,,,,,,,,,,,,,,,,,,,,,,,,,,,,,,,,,,,,,,,,,,,,,,,,
9842,,,,"fileIndex=0, frameIndex=292, fps=29.99, bandwidth=109182.0",,,,,,,,,,,,,,,,,,,,,,,,,,,,,,,,,,,,,,,,,,,,,,,,,,,,,,,,,,,,,,,,,,,,,
9862,,,,,,,,,,,,,,,,,,0.57373041,0.806884683,,,,,,,,,,,,,-77.37999725341797,,,,,,,,,,NaN,,,,,,,,,,,,,,,,,,,,,,"[0.07450980693101883, 0.239215686917305, 0.29411765933036804]",,5.245365142822266,,,,,,,
9873,,,,"fileIndex=0, frameIndex=293, fps=29.99, bandwidth=109182.0",,,,,,,,,,,,,,,,,,,,,,,,,,,,,,,,,,,,,,,,,,,,,,,,,,,,,,,,,,,,,,,,,,,,,
9907,,,,"fileIndex=0, frameIndex=294, fps=29.99, bandwidth=109182.0",,,,,,,,,,,,,,,,,,,,,,,,,,,,,,,,,,,,,,,,,,,,,,,,,,,,,,,,,,,,,,,,,,,,,
9939,,,,"fileIndex=0, frameIndex=295, fps=29.99, bandwidth=109182.0",,,,,,,,,,,,,,,,,,,,,,,,,,,,,,,,,,,,,,,,,,,,,,,,,,,,,,,,,,,,,,,,,,,,,
9963,,,,,,,,,,,,,,,,,,0.571289004,0.8056639800000001,,,,,,,,,,,,,,,,,,,,,,,NaN,,,,,,,,,,,,,,,,,,,,,,"[0.062745101749897, 0.24705882370471954, 0.3176470696926117]",,5.324635028839111,,,,,,,
